FileType, Version, Date, Time, ChartField, TimeSource, Recorder, Scale, Units, ChartSubType, BaseScaling
LDP, 1, 05/19/2020, 11:12:09, Record, Internal, 13, Unity, Primary, Unknown, Primary
RecNum, Date, Time, Phase, Status
-1, 1, 2, -1, 3
"PST_10MIN_VA", "PST_10MIN_VB", "PST_10MIN_VC"
4, 5, 6
DeviceID, FID, TID, Form, CTR, CTRN, PTR, LDAR
"EPSOL01", "SEL-735-R203-V0-Z101100-D20190828", "STATION A", 9, 200, 200, 1, 600
ChannelName, ChannelFunction, ChannelUnits, ChannelRule, ChannelMult, ChannelRollover, ChannelScale
"PST_10MIN_VA", AVG, "NA", "1", 1, 999999999, 1
"PST_10MIN_VB", AVG, "NA", "1", 1, 999999999, 1
"PST_10MIN_VC", AVG, "NA", "1", 1, 999999999, 1
EventDate, EventTime, EventCode, EventDescription
12/23/2019, 08:56:39.717, X0002, "Power loss"
02/10/2020, 09:28:57.906, X0001, "Power restored"
02/10/2020, 09:51:13.189, X2048, "SALARM, Assert"
02/10/2020, 09:51:14.189, X1048, "SALARM, Deassert"
02/10/2020, 09:52:41.064, X0000, "Device settings changed"
02/10/2020, 09:52:41.389, X2048, "SALARM, Assert"
02/10/2020, 09:52:42.389, X1048, "SALARM, Deassert"
02/10/2020, 10:09:41.556, X2048, "SALARM, Assert"
02/10/2020, 10:09:42.556, X1048, "SALARM, Deassert"
02/10/2020, 10:10:12.681, X0000, "Device settings changed"
02/10/2020, 10:10:12.681, X0002, "Power loss"
02/10/2020, 10:10:16.953, X0001, "Power restored"
02/10/2020, 10:38:15.420, X2048, "SALARM, Assert"
02/10/2020, 10:38:16.420, X1048, "SALARM, Deassert"
02/10/2020, 10:38:21.011, X0000, "Device settings changed"
02/10/2020, 10:38:21.303, X2048, "SALARM, Assert"
02/10/2020, 10:38:22.303, X1048, "SALARM, Deassert"
02/10/2020, 10:46:30.136, X2048, "SALARM, Assert"
02/10/2020, 10:46:31.136, X1048, "SALARM, Deassert"
02/10/2020, 10:48:27.320, X0000, "Device settings changed"
02/10/2020, 10:48:27.686, X2048, "SALARM, Assert"
02/10/2020, 10:48:28.686, X1048, "SALARM, Deassert"
02/10/2020, 11:18:17.353, X2048, "SALARM, Assert"
02/10/2020, 11:18:18.353, X1048, "SALARM, Deassert"
02/10/2020, 11:18:23.144, X0000, "Device settings changed"
02/10/2020, 11:18:23.478, X2048, "SALARM, Assert"
02/10/2020, 11:18:24.478, X1048, "SALARM, Deassert"
02/10/2020, 12:39:03.202, X0002, "Power loss"
02/11/2020, 07:41:22.865, X0001, "Power restored"
02/11/2020, 09:28:12.115, X0002, "Power loss"
02/11/2020, 09:28:22.373, X0001, "Power restored"
02/11/2020, 10:53:36.223, X0002, "Power loss"
02/12/2020, 11:01:46.573, X0001, "Power restored"
02/12/2020, 13:52:00.223, X0002, "Power loss"
02/13/2020, 09:01:16.079, X0001, "Power restored"
02/13/2020, 11:08:38.645, X2048, "SALARM, Assert"
02/13/2020, 11:08:39.645, X1048, "SALARM, Deassert"
02/13/2020, 11:10:00.528, X0000, "Device settings changed"
02/13/2020, 11:10:02.245, X2048, "SALARM, Assert"
02/13/2020, 11:10:03.245, X1048, "SALARM, Deassert"
02/13/2020, 11:10:09.128, X0002, "Power loss"
02/13/2020, 11:10:11.522, X0001, "Power restored"
02/13/2020, 12:33:42.164, X0002, "Power loss"
02/18/2020, 08:17:02.517, X0001, "Power restored"
02/18/2020, 08:33:04.975, X2048, "SALARM, Assert"
02/18/2020, 08:33:05.975, X1048, "SALARM, Deassert"
02/18/2020, 08:33:09.783, X0000, "Device settings changed"
02/18/2020, 08:33:10.100, X2048, "SALARM, Assert"
02/18/2020, 08:33:11.100, X1048, "SALARM, Deassert"
02/18/2020, 08:33:18.850, X0000, "Device settings changed"
02/18/2020, 08:33:18.850, X2048, "SALARM, Assert"
02/18/2020, 08:33:19.850, X1048, "SALARM, Deassert"
02/18/2020, 08:45:13.548, X0002, "Power loss"
02/18/2020, 08:45:17.306, X0001, "Power restored"
02/18/2020, 08:45:17.356, X0002, "Power loss"
02/18/2020, 08:45:27.322, X0001, "Power restored"
02/18/2020, 09:07:58.180, X2048, "SALARM, Assert"
02/18/2020, 09:07:59.180, X1048, "SALARM, Deassert"
02/18/2020, 09:08:03.797, X0000, "Device settings changed"
02/18/2020, 09:08:04.072, X2048, "SALARM, Assert"
02/18/2020, 09:08:05.072, X1048, "SALARM, Deassert"
02/18/2020, 09:17:14.430, X2048, "SALARM, Assert"
02/18/2020, 09:17:15.430, X1048, "SALARM, Deassert"
02/18/2020, 09:17:39.213, X0000, "Device settings changed"
02/18/2020, 09:17:40.897, X2048, "SALARM, Assert"
02/18/2020, 09:17:41.897, X1048, "SALARM, Deassert"
02/18/2020, 09:17:45.163, X0002, "Power loss"
02/18/2020, 09:17:50.177, X0001, "Power restored"
02/18/2020, 09:18:06.894, X2048, "SALARM, Assert"
02/18/2020, 09:18:07.894, X1048, "SALARM, Deassert"
02/18/2020, 09:18:35.477, X2048, "SALARM, Assert"
02/18/2020, 09:18:36.477, X1048, "SALARM, Deassert"
02/18/2020, 09:24:59.511, X2048, "SALARM, Assert"
02/18/2020, 09:25:00.511, X1048, "SALARM, Deassert"
02/18/2020, 09:25:17.511, X0000, "Device settings changed"
02/18/2020, 09:25:17.511, X2048, "SALARM, Assert"
02/18/2020, 09:25:18.511, X1048, "SALARM, Deassert"
02/18/2020, 09:26:32.644, X2048, "SALARM, Assert"
02/18/2020, 09:26:33.644, X1048, "SALARM, Deassert"
02/18/2020, 09:26:37.461, X0000, "Device settings changed"
02/18/2020, 09:26:37.744, X2048, "SALARM, Assert"
02/18/2020, 09:26:38.744, X1048, "SALARM, Deassert"
02/18/2020, 09:26:46.936, X0000, "Device settings changed"
02/18/2020, 09:26:46.936, X2048, "SALARM, Assert"
02/18/2020, 09:26:47.936, X1048, "SALARM, Deassert"
02/18/2020, 09:35:39.511, X2048, "SALARM, Assert"
02/18/2020, 09:35:40.511, X1048, "SALARM, Deassert"
02/18/2020, 09:35:44.369, X0000, "Device settings changed"
02/18/2020, 09:35:44.702, X2048, "SALARM, Assert"
02/18/2020, 09:35:45.702, X1048, "SALARM, Deassert"
02/18/2020, 09:35:53.244, X0000, "Device settings changed"
02/18/2020, 09:35:53.244, X2048, "SALARM, Assert"
02/18/2020, 09:35:54.244, X1048, "SALARM, Deassert"
02/18/2020, 09:41:00.961, X2048, "SALARM, Assert"
02/18/2020, 09:41:01.961, X1048, "SALARM, Deassert"
02/18/2020, 09:41:06.077, X0000, "Device settings changed"
02/18/2020, 09:41:06.461, X2048, "SALARM, Assert"
02/18/2020, 09:41:07.461, X1048, "SALARM, Deassert"
02/18/2020, 09:46:09.827, X2048, "SALARM, Assert"
02/18/2020, 09:46:10.827, X1048, "SALARM, Deassert"
02/18/2020, 09:46:17.477, X0000, "Device settings changed"
02/18/2020, 09:46:17.769, X2048, "SALARM, Assert"
02/18/2020, 09:46:18.769, X1048, "SALARM, Deassert"
02/18/2020, 10:10:01.227, X2048, "SALARM, Assert"
02/18/2020, 10:10:02.227, X1048, "SALARM, Deassert"
02/18/2020, 10:10:05.977, X0000, "Device settings changed"
02/18/2020, 10:10:06.319, X2048, "SALARM, Assert"
02/18/2020, 10:10:07.319, X1048, "SALARM, Deassert"
02/18/2020, 10:10:14.769, X0000, "Device settings changed"
02/18/2020, 10:10:14.769, X2048, "SALARM, Assert"
02/18/2020, 10:10:15.769, X1048, "SALARM, Deassert"
02/18/2020, 10:13:47.969, X2048, "SALARM, Assert"
02/18/2020, 10:13:48.969, X1048, "SALARM, Deassert"
02/18/2020, 10:13:52.844, X0000, "Device settings changed"
02/18/2020, 10:13:53.144, X2048, "SALARM, Assert"
02/18/2020, 10:13:54.144, X1048, "SALARM, Deassert"
02/18/2020, 10:14:02.702, X0000, "Device settings changed"
02/18/2020, 10:14:02.702, X2048, "SALARM, Assert"
02/18/2020, 10:14:03.702, X1048, "SALARM, Deassert"
02/18/2020, 12:32:03.227, X0002, "Power loss"
02/28/2020, 12:20:10.513, X0001, "Power restored"
02/28/2020, 14:11:03.162, X0002, "Power loss"
03/02/2020, 11:53:31.878, X0001, "Power restored"
03/02/2020, 12:09:51.661, X0002, "Power loss"
03/02/2020, 12:12:27.150, X0001, "Power restored"
03/02/2020, 12:40:21.199, X0002, "Power loss"
03/02/2020, 12:47:43.446, X0001, "Power restored"
03/02/2020, 12:49:41.580, X2048, "SALARM, Assert"
03/02/2020, 12:49:42.580, X1048, "SALARM, Deassert"
03/02/2020, 14:05:39.088, X0002, "Power loss"
03/06/2020, 09:19:01.516, X0001, "Power restored"
03/06/2020, 10:32:19.841, X2048, "SALARM, Assert"
03/06/2020, 10:32:20.841, X1048, "SALARM, Deassert"
03/06/2020, 10:32:24.616, X0000, "Device settings changed"
03/06/2020, 10:32:24.633, X2048, "SALARM, Assert"
03/06/2020, 10:32:25.633, X1048, "SALARM, Deassert"
03/06/2020, 10:37:00.166, X0002, "Power loss"
03/06/2020, 10:37:13.589, X0001, "Power restored"
03/06/2020, 10:37:20.231, X0002, "Power loss"
03/06/2020, 10:44:54.936, X0001, "Power restored"
03/06/2020, 10:44:55.811, X0002, "Power loss"
03/06/2020, 10:45:07.952, X0001, "Power restored"
03/06/2020, 10:45:18.211, X2032, "SSI_EVE, Assert"
03/06/2020, 10:46:37.567, X2048, "SALARM, Assert"
03/06/2020, 10:46:38.566, X1048, "SALARM, Deassert"
03/06/2020, 10:47:26.083, X0002, "Power loss"
03/06/2020, 10:48:12.452, X0001, "Power restored"
03/06/2020, 10:48:22.719, X2032, "SSI_EVE, Assert"
03/06/2020, 11:04:17.622, X2048, "SALARM, Assert"
03/06/2020, 11:04:18.621, X1048, "SALARM, Deassert"
03/06/2020, 11:06:33.947, X2048, "SALARM, Assert"
03/06/2020, 11:06:34.947, X1048, "SALARM, Deassert"
03/06/2020, 11:16:57.480, X2048, "SALARM, Assert"
03/06/2020, 11:16:58.480, X1048, "SALARM, Deassert"
03/06/2020, 14:36:03.113, X0002, "Power loss"
03/09/2020, 14:54:15.248, X0001, "Power restored"
03/09/2020, 14:54:25.506, X2032, "SSI_EVE, Assert"
03/09/2020, 14:55:25.983, X0002, "Power loss"
03/09/2020, 14:55:29.114, X0001, "Power restored"
03/09/2020, 14:55:29.964, X0002, "Power loss"
03/09/2020, 14:55:34.846, X0001, "Power restored"
03/09/2020, 14:55:34.904, X0002, "Power loss"
03/09/2020, 14:56:09.495, X0001, "Power restored"
03/09/2020, 14:56:19.762, X2032, "SSI_EVE, Assert"
03/09/2020, 15:10:22.518, X0002, "Power loss"
03/09/2020, 15:12:11.469, X0001, "Power restored"
03/09/2020, 15:12:21.727, X2032, "SSI_EVE, Assert"
03/09/2020, 15:13:39.939, X2048, "SALARM, Assert"
03/09/2020, 15:13:40.939, X1048, "SALARM, Deassert"
03/09/2020, 15:23:13.338, X0002, "Power loss"
03/09/2020, 15:23:26.584, X0001, "Power restored"
03/09/2020, 15:23:36.842, X2032, "SSI_EVE, Assert"
03/09/2020, 15:31:31.918, X0002, "Power loss"
03/09/2020, 15:33:20.748, X0001, "Power restored"
03/09/2020, 15:33:31.007, X2032, "SSI_EVE, Assert"
03/09/2020, 15:39:42.080, X1032, "SSI_EVE, Deassert"
03/09/2020, 15:39:42.239, X2032, "SSI_EVE, Assert"
03/09/2020, 15:39:42.289, X1032, "SSI_EVE, Deassert"
03/09/2020, 15:39:42.297, X2032, "SSI_EVE, Assert"
03/09/2020, 15:39:42.305, X1032, "SSI_EVE, Deassert"
03/09/2020, 15:39:42.314, X2032, "SSI_EVE, Assert"
03/09/2020, 15:39:42.322, X1032, "SSI_EVE, Deassert"
03/09/2020, 15:39:42.330, X2032, "SSI_EVE, Assert"
03/09/2020, 15:39:42.339, X1032, "SSI_EVE, Deassert"
03/09/2020, 15:39:42.347, X2032, "SSI_EVE, Assert"
03/09/2020, 15:39:42.355, X1032, "SSI_EVE, Deassert"
03/09/2020, 15:39:42.364, X2032, "SSI_EVE, Assert"
03/09/2020, 15:39:42.372, X1032, "SSI_EVE, Deassert"
03/09/2020, 15:39:42.380, X2032, "SSI_EVE, Assert"
03/09/2020, 15:39:42.389, X1032, "SSI_EVE, Deassert"
03/09/2020, 15:39:42.397, X2032, "SSI_EVE, Assert"
03/09/2020, 15:39:42.405, X1032, "SSI_EVE, Deassert"
03/09/2020, 15:39:42.414, X2032, "SSI_EVE, Assert"
03/09/2020, 15:39:42.480, X0002, "Power loss"
03/09/2020, 15:39:57.752, X0001, "Power restored"
03/09/2020, 15:40:08.019, X2032, "SSI_EVE, Assert"
03/10/2020, 08:54:25.708, X2048, "SALARM, Assert"
03/10/2020, 08:54:26.708, X1048, "SALARM, Deassert"
03/11/2020, 11:21:27.661, X1032, "SSI_EVE, Deassert"
03/11/2020, 11:21:27.669, X2032, "SSI_EVE, Assert"
03/11/2020, 11:21:29.935, X1032, "SSI_EVE, Deassert"
03/11/2020, 11:21:29.943, X2032, "SSI_EVE, Assert"
03/11/2020, 11:21:29.951, X1032, "SSI_EVE, Deassert"
03/11/2020, 11:21:29.960, X2032, "SSI_EVE, Assert"
03/11/2020, 11:21:29.968, X1032, "SSI_EVE, Deassert"
03/11/2020, 11:21:29.976, X2032, "SSI_EVE, Assert"
03/11/2020, 11:21:30.351, X1032, "SSI_EVE, Deassert"
03/11/2020, 11:21:30.476, X0002, "Power loss"
03/11/2020, 11:23:30.309, X0001, "Power restored"
03/11/2020, 11:23:40.576, X2032, "SSI_EVE, Assert"
03/11/2020, 11:24:45.636, X1032, "SSI_EVE, Deassert"
03/11/2020, 11:24:45.644, X2032, "SSI_EVE, Assert"
03/11/2020, 11:24:45.652, X1032, "SSI_EVE, Deassert"
03/11/2020, 11:24:45.660, X2032, "SSI_EVE, Assert"
03/11/2020, 11:24:45.669, X1032, "SSI_EVE, Deassert"
03/11/2020, 11:24:45.677, X2032, "SSI_EVE, Assert"
03/11/2020, 11:24:45.685, X1032, "SSI_EVE, Deassert"
03/11/2020, 11:24:45.694, X2032, "SSI_EVE, Assert"
03/11/2020, 11:24:45.702, X1032, "SSI_EVE, Deassert"
03/11/2020, 11:24:45.710, X2032, "SSI_EVE, Assert"
03/11/2020, 11:24:45.719, X1032, "SSI_EVE, Deassert"
03/11/2020, 11:24:45.727, X2032, "SSI_EVE, Assert"
03/11/2020, 11:24:45.735, X1032, "SSI_EVE, Deassert"
03/11/2020, 11:24:45.744, X2032, "SSI_EVE, Assert"
03/11/2020, 11:24:45.752, X1032, "SSI_EVE, Deassert"
03/11/2020, 11:24:45.760, X2032, "SSI_EVE, Assert"
03/11/2020, 11:24:45.769, X1032, "SSI_EVE, Deassert"
03/11/2020, 11:24:45.777, X2032, "SSI_EVE, Assert"
03/11/2020, 11:24:45.785, X1032, "SSI_EVE, Deassert"
03/11/2020, 11:24:45.794, X2032, "SSI_EVE, Assert"
03/11/2020, 11:24:45.802, X1032, "SSI_EVE, Deassert"
03/11/2020, 11:24:45.810, X2032, "SSI_EVE, Assert"
03/11/2020, 11:24:45.819, X1032, "SSI_EVE, Deassert"
03/11/2020, 11:24:45.827, X2032, "SSI_EVE, Assert"
03/11/2020, 11:24:45.835, X1032, "SSI_EVE, Deassert"
03/11/2020, 11:24:45.844, X2032, "SSI_EVE, Assert"
03/11/2020, 11:24:45.852, X1032, "SSI_EVE, Deassert"
03/11/2020, 11:24:45.860, X2032, "SSI_EVE, Assert"
03/11/2020, 11:24:45.869, X1032, "SSI_EVE, Deassert"
03/11/2020, 11:24:45.877, X2032, "SSI_EVE, Assert"
03/11/2020, 11:24:45.877, X0002, "Power loss"
03/11/2020, 11:27:47.762, X0001, "Power restored"
03/11/2020, 11:27:58.028, X2032, "SSI_EVE, Assert"
03/11/2020, 11:30:50.606, X1032, "SSI_EVE, Deassert"
03/11/2020, 11:30:50.748, X0002, "Power loss"
03/11/2020, 13:26:34.314, X0001, "Power restored"
03/11/2020, 13:26:44.573, X2032, "SSI_EVE, Assert"
03/11/2020, 14:55:31.173, X0002, "Power loss"
03/11/2020, 14:55:35.691, X0001, "Power restored"
03/11/2020, 14:55:45.750, X2032, "SSI_EVE, Assert"
03/12/2020, 08:24:07.708, X0002, "Power loss"
03/12/2020, 10:11:23.922, X0001, "Power restored"
03/12/2020, 10:24:00.172, X0002, "Power loss"
03/31/2020, 07:17:58.290, X0001, "Power restored"
03/31/2020, 09:47:36.540, X2048, "SALARM, Assert"
03/31/2020, 09:47:37.540, X1048, "SALARM, Deassert"
03/31/2020, 09:47:47.773, X0000, "Device settings changed"
03/31/2020, 09:47:47.790, X2048, "SALARM, Assert"
03/31/2020, 09:47:48.790, X1048, "SALARM, Deassert"
03/31/2020, 10:26:41.540, X2048, "SALARM, Assert"
03/31/2020, 10:26:42.540, X1048, "SALARM, Deassert"
03/31/2020, 10:26:47.740, X0000, "Device settings changed"
03/31/2020, 10:26:48.190, X2048, "SALARM, Assert"
03/31/2020, 10:26:49.190, X1048, "SALARM, Deassert"
03/31/2020, 11:24:11.806, X0002, "Power loss"
03/31/2020, 11:52:29.879, X0001, "Power restored"
03/31/2020, 11:53:27.337, X2032, "SSI_EVE, Assert"
04/01/2020, 09:43:59.741, X2048, "SALARM, Assert"
04/01/2020, 09:44:00.741, X1048, "SALARM, Deassert"
04/01/2020, 09:44:04.667, X0000, "Device settings changed"
04/01/2020, 09:44:04.993, X2048, "SALARM, Assert"
04/01/2020, 09:44:05.993, X1048, "SALARM, Deassert"
04/01/2020, 11:38:13.287, X0002, "Power loss"
04/01/2020, 11:38:33.685, X0001, "Power restored"
04/01/2020, 11:38:43.743, X2032, "SSI_EVE, Assert"
04/01/2020, 12:27:21.472, X1032, "SSI_EVE, Deassert"
04/01/2020, 12:27:21.656, X2032, "SSI_EVE, Assert"
04/01/2020, 12:27:21.839, X1032, "SSI_EVE, Deassert"
04/01/2020, 12:27:21.939, X2032, "SSI_EVE, Assert"
04/01/2020, 12:27:22.406, X1032, "SSI_EVE, Deassert"
04/01/2020, 12:27:22.647, X2032, "SSI_EVE, Assert"
04/01/2020, 12:27:22.747, X1032, "SSI_EVE, Deassert"
04/01/2020, 12:27:22.922, X2032, "SSI_EVE, Assert"
04/01/2020, 12:27:22.964, X1032, "SSI_EVE, Deassert"
04/01/2020, 12:27:23.172, X2032, "SSI_EVE, Assert"
04/01/2020, 12:27:56.087, X1032, "SSI_EVE, Deassert"
04/01/2020, 13:21:24.921, X2032, "SSI_EVE, Assert"
04/01/2020, 13:21:25.046, X1032, "SSI_EVE, Deassert"
04/01/2020, 14:03:39.281, X0002, "Power loss"
04/02/2020, 09:48:56.061, X0001, "Power restored"
04/02/2020, 11:44:52.569, X0002, "Power loss"
04/02/2020, 12:03:50.887, X0001, "Power restored"
04/02/2020, 12:04:01.145, X2032, "SSI_EVE, Assert"
04/02/2020, 12:10:12.072, X2048, "SALARM, Assert"
04/02/2020, 12:10:13.036, X1048, "SALARM, Deassert"
04/02/2020, 12:10:47.575, X0000, "Device settings changed"
04/02/2020, 12:10:49.666, X2048, "SALARM, Assert"
04/02/2020, 12:10:50.628, X1048, "SALARM, Deassert"
04/02/2020, 12:10:50.628, X0002, "Power loss"
04/02/2020, 12:10:58.882, X0001, "Power restored"
04/02/2020, 12:11:19.198, X2032, "SSI_EVE, Assert"
04/02/2020, 12:11:36.189, X2048, "SALARM, Assert"
04/02/2020, 12:11:37.154, X1048, "SALARM, Deassert"
04/02/2020, 12:14:13.156, X1032, "SSI_EVE, Deassert"
04/02/2020, 12:14:13.164, X2032, "SSI_EVE, Assert"
04/02/2020, 12:16:06.620, X2048, "SALARM, Assert"
04/02/2020, 12:16:07.578, X1048, "SALARM, Deassert"
04/02/2020, 12:16:25.518, X0000, "Device settings changed"
04/02/2020, 12:16:25.814, X2048, "SALARM, Assert"
04/02/2020, 12:16:26.774, X1048, "SALARM, Deassert"
04/02/2020, 12:16:34.452, X0000, "Device settings changed"
04/02/2020, 12:16:34.820, X2048, "SALARM, Assert"
04/02/2020, 12:16:35.780, X1048, "SALARM, Deassert"
04/02/2020, 12:16:42.518, X0000, "Device settings changed"
04/02/2020, 12:16:42.837, X2048, "SALARM, Assert"
04/02/2020, 12:16:43.796, X1048, "SALARM, Deassert"
04/02/2020, 12:19:40.843, X2048, "SALARM, Assert"
04/02/2020, 12:19:41.800, X1048, "SALARM, Deassert"
04/02/2020, 12:22:31.051, X2048, "SALARM, Assert"
04/02/2020, 12:22:32.008, X1048, "SALARM, Deassert"
04/02/2020, 12:23:01.183, X0000, "Device settings changed"
04/02/2020, 12:23:03.195, X2048, "SALARM, Assert"
04/02/2020, 12:23:04.153, X1048, "SALARM, Deassert"
04/02/2020, 12:23:04.153, X0002, "Power loss"
04/02/2020, 12:23:12.476, X0001, "Power restored"
04/02/2020, 12:23:39.916, X2032, "SSI_EVE, Assert"
04/02/2020, 12:35:21.499, X2048, "SALARM, Assert"
04/02/2020, 12:35:22.454, X1048, "SALARM, Deassert"
04/02/2020, 12:35:27.491, X0000, "Device settings changed"
04/02/2020, 12:35:27.833, X2048, "SALARM, Assert"
04/02/2020, 12:35:28.788, X1048, "SALARM, Deassert"
04/02/2020, 14:04:17.998, X0002, "Power loss"
04/17/2020, 08:01:34.306, X0001, "Power restored"
04/17/2020, 08:05:59.389, X2048, "SALARM, Assert"
04/17/2020, 08:06:00.389, X1048, "SALARM, Deassert"
04/17/2020, 08:07:07.014, X0000, "Device settings changed"
04/17/2020, 08:07:07.014, X0002, "Power loss"
04/17/2020, 08:07:10.223, X0001, "Power restored"
04/17/2020, 08:11:20.981, X2048, "SALARM, Assert"
04/17/2020, 08:11:21.981, X1048, "SALARM, Deassert"
04/17/2020, 08:11:37.681, X0000, "Device settings changed"
04/17/2020, 08:11:37.681, X0002, "Power loss"
04/17/2020, 08:11:40.898, X0001, "Power restored"
04/17/2020, 08:23:04.631, X2048, "SALARM, Assert"
04/17/2020, 08:23:05.631, X1048, "SALARM, Deassert"
04/17/2020, 08:23:58.231, X0000, "Device settings changed"
04/17/2020, 08:23:58.231, X0002, "Power loss"
04/17/2020, 08:24:01.447, X0001, "Power restored"
04/17/2020, 08:43:00.647, X2048, "SALARM, Assert"
04/17/2020, 08:43:01.647, X1048, "SALARM, Deassert"
04/17/2020, 08:45:25.164, X0000, "Device settings changed"
04/17/2020, 08:45:25.164, X0002, "Power loss"
04/17/2020, 08:45:28.380, X0001, "Power restored"
04/17/2020, 08:54:39.830, X2048, "SALARM, Assert"
04/17/2020, 08:54:40.830, X1048, "SALARM, Deassert"
04/17/2020, 08:54:53.763, X0000, "Device settings changed"
04/17/2020, 08:55:00.246, X0002, "Power loss"
04/17/2020, 08:55:02.971, X0001, "Power restored"
04/17/2020, 09:22:19.888, X2048, "SALARM, Assert"
04/17/2020, 09:22:20.888, X1048, "SALARM, Deassert"
04/17/2020, 09:24:51.055, X0000, "Device settings changed"
04/17/2020, 09:24:51.288, X2048, "SALARM, Assert"
04/17/2020, 09:24:52.288, X1048, "SALARM, Deassert"
04/17/2020, 10:32:40.504, X0002, "Power loss"
05/12/2020, 19:43:53.560, X0001, "Power restored"
05/13/2020, 18:32:14.629, X2048, "SALARM, Assert"
05/13/2020, 18:32:15.629, X1048, "SALARM, Deassert"
05/13/2020, 18:48:28.429, X2048, "SALARM, Assert"
05/13/2020, 18:48:29.429, X1048, "SALARM, Deassert"
05/13/2020, 18:48:48.670, X0000, "Device settings changed"
05/13/2020, 18:48:48.670, X0002, "Power loss"
05/13/2020, 18:48:58.879, X0001, "Power restored"
05/13/2020, 18:51:00.604, X2048, "SALARM, Assert"
05/13/2020, 18:51:01.604, X1048, "SALARM, Deassert"
05/13/2020, 18:54:16.387, X2048, "SALARM, Assert"
05/13/2020, 18:54:17.387, X1048, "SALARM, Deassert"
05/13/2020, 18:58:53.862, X2048, "SALARM, Assert"
05/13/2020, 18:58:54.862, X1048, "SALARM, Deassert"
05/13/2020, 19:00:19.946, X2048, "SALARM, Assert"
05/13/2020, 19:00:20.946, X1048, "SALARM, Deassert"
05/13/2020, 19:01:16.654, X2048, "SALARM, Assert"
05/13/2020, 19:01:17.654, X1048, "SALARM, Deassert"
05/13/2020, 19:04:08.979, X2048, "SALARM, Assert"
05/13/2020, 19:04:09.979, X1048, "SALARM, Deassert"
05/13/2020, 19:08:28.062, X2048, "SALARM, Assert"
05/13/2020, 19:08:29.062, X1048, "SALARM, Deassert"
05/13/2020, 19:08:39.162, X0000, "Device settings changed"
05/13/2020, 19:08:39.162, X0002, "Power loss"
05/13/2020, 19:08:48.377, X0001, "Power restored"
05/13/2020, 19:16:42.510, X2048, "SALARM, Assert"
05/13/2020, 19:16:43.510, X1048, "SALARM, Deassert"
05/13/2020, 19:20:41.151, X2048, "SALARM, Assert"
05/13/2020, 19:20:42.151, X1048, "SALARM, Deassert"
05/13/2020, 19:29:23.126, X2048, "SALARM, Assert"
05/13/2020, 19:29:24.126, X1048, "SALARM, Deassert"
05/13/2020, 19:29:38.760, X2048, "SALARM, Assert"
05/13/2020, 19:29:39.760, X1048, "SALARM, Deassert"
05/13/2020, 19:30:32.943, X2048, "SALARM, Assert"
05/13/2020, 19:30:33.943, X1048, "SALARM, Deassert"
05/13/2020, 19:31:19.343, X2048, "SALARM, Assert"
05/13/2020, 19:31:20.343, X1048, "SALARM, Deassert"
05/13/2020, 19:31:44.026, X2048, "SALARM, Assert"
05/13/2020, 19:31:45.026, X1048, "SALARM, Deassert"
05/13/2020, 19:31:53.426, X2048, "SALARM, Assert"
05/13/2020, 19:31:54.426, X1048, "SALARM, Deassert"
05/13/2020, 19:32:35.226, X2048, "SALARM, Assert"
05/13/2020, 19:32:36.226, X1048, "SALARM, Deassert"
05/13/2020, 19:32:55.343, X2048, "SALARM, Assert"
05/13/2020, 19:32:56.343, X1048, "SALARM, Deassert"
05/13/2020, 19:34:08.326, X2048, "SALARM, Assert"
05/13/2020, 19:34:09.326, X1048, "SALARM, Deassert"
05/13/2020, 19:34:29.118, X2048, "SALARM, Assert"
05/13/2020, 19:34:30.118, X1048, "SALARM, Deassert"
05/13/2020, 19:34:33.360, X2048, "SALARM, Assert"
05/13/2020, 19:34:34.360, X1048, "SALARM, Deassert"
05/13/2020, 19:35:39.718, X2048, "SALARM, Assert"
05/13/2020, 19:35:40.718, X1048, "SALARM, Deassert"
05/13/2020, 19:37:37.101, X2048, "SALARM, Assert"
05/13/2020, 19:37:38.101, X1048, "SALARM, Deassert"
05/13/2020, 19:37:52.501, X2048, "SALARM, Assert"
05/13/2020, 19:37:53.501, X1048, "SALARM, Deassert"
05/14/2020, 20:38:43.487, X2048, "SALARM, Assert"
05/14/2020, 20:38:44.487, X1048, "SALARM, Deassert"
05/14/2020, 20:39:23.504, X2048, "SALARM, Assert"
05/14/2020, 20:39:24.504, X1048, "SALARM, Deassert"
05/15/2020, 12:38:29.349, X2048, "SALARM, Assert"
05/15/2020, 12:38:30.349, X1048, "SALARM, Deassert"
05/15/2020, 12:38:56.016, X2048, "SALARM, Assert"
05/15/2020, 12:38:57.016, X1048, "SALARM, Deassert"
05/15/2020, 12:39:06.616, X2048, "SALARM, Assert"
05/15/2020, 12:39:07.616, X1048, "SALARM, Deassert"
05/15/2020, 12:40:00.649, X2048, "SALARM, Assert"
05/15/2020, 12:40:01.649, X1048, "SALARM, Deassert"
05/15/2020, 12:42:48.666, X2048, "SALARM, Assert"
05/15/2020, 12:42:49.666, X1048, "SALARM, Deassert"
Record, Date, Time, Status, "PST_10MIN_VA", "PST_10MIN_VB", "PST_10MIN_VC"
1008, 04/01/2020, 01:40:00, "...", 0.37844729, 0.36242047, 0.36296853
1007, 04/01/2020, 01:50:00, "...", 0.10239767, 0.09876383, 0.09804524
1006, 04/01/2020, 02:00:00, "...", 0.11173609, 0.10365986, 0.10383597
1005, 04/01/2020, 02:10:00, "...", 0.12565733, 0.11083685, 0.11092867
1004, 04/01/2020, 02:20:00, "...", 0.3396081, 0.31965303, 0.31943786
1003, 04/01/2020, 02:30:00, "...", 0.13148145, 0.12312118, 0.12220409
1002, 04/01/2020, 02:40:00, "...", 0.10071664, 0.09619999, 0.09621745
1001, 04/01/2020, 02:50:00, "...", 0.09712367, 0.09339461, 0.09275737
1000, 04/01/2020, 03:00:00, "...", 0.28594276, 0.27206275, 0.27245289
999, 04/01/2020, 03:10:00, "...", 0.11032598, 0.09930591, 0.10022587
998, 04/01/2020, 03:20:00, "...", 0.15364741, 0.1411669, 0.14109667
997, 04/01/2020, 03:30:00, "...", 0.11719425, 0.11170711, 0.11209594
996, 04/01/2020, 03:40:00, "...", 0.29382342, 0.27946383, 0.2804774
995, 04/01/2020, 03:50:00, "...", 0.10693093, 0.10000405, 0.10105043
994, 04/01/2020, 04:00:00, "...", 0.12480614, 0.11324166, 0.11278864
993, 04/01/2020, 04:10:00, "...", 0.11430661, 0.10423073, 0.10439707
992, 04/01/2020, 04:20:00, "...", 0.30685419, 0.29053149, 0.2914893
991, 04/01/2020, 04:30:00, "...", 0.11680655, 0.10797279, 0.10756657
990, 04/01/2020, 04:40:00, "...", 0.12783875, 0.11830667, 0.11811674
989, 04/01/2020, 04:50:00, "...", 0.09471729, 0.08975763, 0.08945611
988, 04/01/2020, 05:00:00, "...", 0.11442805, 0.10403641, 0.10439881
987, 04/01/2020, 05:10:00, "...", 0.34405047, 0.32676783, 0.32620758
986, 04/01/2020, 05:20:00, "...", 0.14503112, 0.13404177, 0.13477415
985, 04/01/2020, 05:30:00, "...", 0.13107495, 0.1216613, 0.1217
984, 04/01/2020, 05:40:00, "...", 0.13908501, 0.1317922, 0.1310924
983, 04/01/2020, 05:50:00, "...", 0.29455015, 0.279039, 0.27933711
982, 04/01/2020, 06:00:00, "...", 0.13182716, 0.12000597, 0.11998516
981, 04/01/2020, 06:10:00, "...", 0.14634129, 0.13465033, 0.13469045
980, 04/01/2020, 06:20:00, "...", 0.17113568, 0.15782772, 0.15817514
979, 04/01/2020, 06:30:00, "...", 0.29208112, 0.27873358, 0.2788403
978, 04/01/2020, 06:40:00, "...", 0.13449566, 0.12752913, 0.12729584
977, 04/01/2020, 06:50:00, "...", 0.12020837, 0.11510165, 0.11544382
976, 04/01/2020, 07:00:00, "...", 0.23738419, 0.22332524, 0.22288413
975, 04/01/2020, 07:10:00, "...", 0.34056067, 0.32398221, 0.32308143
974, 04/01/2020, 07:20:00, "...", 0.16191274, 0.15303653, 0.15324162
973, 04/01/2020, 07:30:00, "...", 0.17598543, 0.166292, 0.16559665
972, 04/01/2020, 07:40:00, "...", 0.13728219, 0.13017161, 0.12984937
971, 04/01/2020, 07:50:00, "...", 0.30193004, 0.29127511, 0.29067624
970, 04/01/2020, 08:00:00, "...", 0.16176966, 0.19992799, 0.19900884
969, 04/01/2020, 08:10:00, "...", 0.17556208, 0.16410488, 0.16348377
968, 04/01/2020, 08:20:00, "...", 0.14538693, 0.19175166, 0.19326964
967, 04/01/2020, 08:30:00, "...", 0.31143281, 0.43402076, 0.43384683
966, 04/01/2020, 08:40:00, "...", 0.1503469, 0.14148766, 0.14096788
965, 04/01/2020, 08:50:00, "...", 0.16313978, 0.15473276, 0.15491739
964, 04/01/2020, 09:00:00, "...", 0.15218861, 0.1458202, 0.14590138
963, 04/01/2020, 09:10:00, "...", 1.08025503, 1.05739975, 1.05710387
962, 04/01/2020, 09:20:00, "...", 0.81764859, 0.79921961, 0.79985106
961, 04/01/2020, 09:30:00, "...", 0.40754378, 0.39850491, 0.39810973
960, 04/01/2020, 09:40:00, "...", 0.186866, 0.34800676, 0.22766775
959, 04/01/2020, 09:50:00, "...", 0.16429842, 1.61887801, 1.72356248
958, 04/01/2020, 10:00:00, "...", 0.32909229, 0.31854263, 0.31848025
957, 04/01/2020, 10:10:00, "...", 0.1324925, 0.15369356, 0.15273903
956, 04/01/2020, 10:20:00, "...", 0.15950207, 0.18091403, 0.17982729
955, 04/01/2020, 10:30:00, "...", 0.15051332, 0.14531334, 0.14454202
954, 04/01/2020, 10:40:00, "...", 0.17588151, 0.16492505, 0.16494629
953, 04/01/2020, 10:50:00, "...", 1.03434241, 0.95885259, 0.95846313
952, 04/01/2020, 11:00:00, "...", 0.12896949, 0.12555723, 0.12555397
951, 04/01/2020, 11:10:00, "...", 0.37699935, 0.40141904, 0.4001095
950, 04/01/2020, 11:20:00, "...", 0.61910778, 0.64972985, 0.64904398
949, 04/01/2020, 11:30:00, "...", 0.30292514, 0.31670088, 0.31601498
948, 04/01/2020, 11:40:00, "(2;3)", 0, 0, 0
947, 04/01/2020, 11:50:00, "...", 0, 0, 0
946, 04/01/2020, 12:00:00, "...", 4.718E-05, 4.618E-05, 4.574E-05
945, 04/01/2020, 12:10:00, "...", 0.14413184, 0.14114881, 0.13975202
944, 04/01/2020, 12:20:00, "...", 7.77784109, 7.81922579, 7.5535903
943, 04/01/2020, 12:30:00, "...", 0.353365, 0.35186562, 0.35103577
942, 04/01/2020, 12:40:00, "...", 11.68472958, 12.57781696, 12.48404312
941, 04/01/2020, 12:50:00, "...", 0.35863844, 0.3582595, 0.35801268
940, 04/01/2020, 13:00:00, "...", 0.32421497, 0.32414806, 0.32407862
939, 04/01/2020, 13:10:00, "...", 0.21848541, 0.21867107, 0.21876763
938, 04/01/2020, 13:20:00, "...", 0.20300362, 0.20238557, 0.20277393
937, 04/01/2020, 13:30:00, "...", 0.18977556, 0.18969546, 0.19024517
936, 04/01/2020, 13:40:00, "...", 1.720667, 1.72062922, 1.72018361
935, 04/01/2020, 13:50:00, "...", 0.52895433, 0.52866662, 0.52883625
934, 04/01/2020, 14:00:00, "...", 0.52447611, 0.52482945, 0.52477109
933, 04/01/2020, 14:10:00, "(2)", 0, 0, 0
932, 04/02/2020, 09:50:00, "(2;3)", 0, 0, 0
931, 04/02/2020, 10:00:00, "...", 0, 0, 0
930, 04/02/2020, 10:10:00, "...", 0, 0, 0
929, 04/02/2020, 10:20:00, "...", 0, 0, 0
928, 04/02/2020, 10:30:00, "...", 0, 0, 0
927, 04/02/2020, 10:40:00, "...", 0, 0, 0
926, 04/02/2020, 10:50:00, "...", 0, 0, 0
925, 04/02/2020, 11:00:00, "...", 0, 0, 0
924, 04/02/2020, 11:10:00, "...", 0, 0, 0
923, 04/02/2020, 11:20:00, "...", 0, 0, 0
922, 04/02/2020, 11:30:00, "...", 0, 0, 0
921, 04/02/2020, 11:40:00, "...", 0, 0, 0
920, 04/02/2020, 11:50:00, "(2)", 0, 0, 0
919, 04/02/2020, 12:10:00, "(2;3)", 0, 0, 0
918, 04/02/2020, 12:20:00, "(2;3)", 0, 0, 0
917, 04/02/2020, 12:30:00, "(2;3)", 0, 0, 0
916, 04/02/2020, 12:40:00, "...", 0, 0, 0
915, 04/02/2020, 12:50:00, "...", 0.02844249, 0.02078354, 0.02843608
914, 04/02/2020, 13:00:00, "...", 89.36734772, 65.30284882, 89.34719849
913, 04/02/2020, 13:10:00, "...", 92.59405518, 68.29877472, 92.5803299
912, 04/02/2020, 13:20:00, "...", 95.65996552, 71.33878326, 95.67140961
911, 04/02/2020, 13:30:00, "...", 95.47479248, 71.44553375, 95.54288483
910, 04/02/2020, 13:40:00, "...", 91.33730316, 67.33338928, 91.31852722
909, 04/02/2020, 13:50:00, "...", 53.43680573, 36.55982208, 49.63735962
908, 04/02/2020, 14:00:00, "...", 0, 0.54335052, 0.55096233
907, 04/02/2020, 14:10:00, "(2)", 0, 0, 0
906, 04/17/2020, 08:10:00, "(2;3)", 0, 0, 0
905, 04/17/2020, 08:20:00, "(2;3)", 0, 0, 0
904, 04/17/2020, 08:30:00, "(2;3)", 0, 0, 0
903, 04/17/2020, 08:40:00, "...", 0, 0, 0
902, 04/17/2020, 08:50:00, "(2;3)", 0, 0, 0
901, 04/17/2020, 09:00:00, "(2;3)", 0, 0, 0
900, 04/17/2020, 09:10:00, "...", 0, 0, 0
899, 04/17/2020, 09:20:00, "...", 0, 0, 0
898, 04/17/2020, 09:30:00, "...", 0, 0, 0
897, 04/17/2020, 09:40:00, "...", 0, 0, 0
896, 04/17/2020, 09:50:00, "...", 0, 0, 0
895, 04/17/2020, 10:00:00, "...", 0, 0, 0
894, 04/17/2020, 10:10:00, "...", 0, 0, 0
893, 04/17/2020, 10:20:00, "...", 0, 0, 0
892, 04/17/2020, 10:30:00, "...", 0, 0, 0
891, 04/17/2020, 10:40:00, "(2)", 0, 0, 0
890, 05/12/2020, 19:50:00, "(2;3)", 0, 0, 0
889, 05/12/2020, 20:00:00, "...", 0, 0, 0
888, 05/12/2020, 20:10:00, "...", 0, 0, 0
887, 05/12/2020, 20:20:00, "...", 0, 0, 0
886, 05/12/2020, 20:30:00, "...", 0, 0, 0
885, 05/12/2020, 20:40:00, "...", 0, 0, 0
884, 05/12/2020, 20:50:00, "...", 0, 0, 0
883, 05/12/2020, 21:00:00, "...", 0, 0, 0
882, 05/12/2020, 21:10:00, "...", 0, 0, 0
881, 05/12/2020, 21:20:00, "...", 0, 0, 0
880, 05/12/2020, 21:30:00, "...", 0, 0, 0
879, 05/12/2020, 21:40:00, "...", 0, 0, 0
878, 05/12/2020, 21:50:00, "...", 0, 0, 0
877, 05/12/2020, 22:00:00, "...", 0, 0, 0
876, 05/12/2020, 22:10:00, "...", 0, 0, 0
875, 05/12/2020, 22:20:00, "...", 0, 0, 0
874, 05/12/2020, 22:30:00, "...", 0, 0, 0
873, 05/12/2020, 22:40:00, "...", 0, 0, 0
872, 05/12/2020, 22:50:00, "...", 0, 0, 0
871, 05/12/2020, 23:00:00, "...", 0, 0, 0
870, 05/12/2020, 23:10:00, "...", 0, 0, 0
869, 05/12/2020, 23:20:00, "...", 0, 0, 0
868, 05/12/2020, 23:30:00, "...", 0, 0, 0
867, 05/12/2020, 23:40:00, "...", 0, 0, 0
866, 05/12/2020, 23:50:00, "...", 0, 0, 0
865, 05/13/2020, 00:00:00, "...", 0, 0, 0
864, 05/13/2020, 00:10:00, "...", 0, 0, 0
863, 05/13/2020, 00:20:00, "...", 0, 0, 0
862, 05/13/2020, 00:30:00, "...", 0, 0, 0
861, 05/13/2020, 00:40:00, "...", 0, 0, 0
860, 05/13/2020, 00:50:00, "...", 0, 0, 0
859, 05/13/2020, 01:00:00, "...", 0, 0, 0
858, 05/13/2020, 01:10:00, "...", 0, 0, 0
857, 05/13/2020, 01:20:00, "...", 0, 0, 0
856, 05/13/2020, 01:30:00, "...", 0, 0, 0
855, 05/13/2020, 01:40:00, "...", 0, 0, 0
854, 05/13/2020, 01:50:00, "...", 0, 0, 0
853, 05/13/2020, 02:00:00, "...", 0, 0, 0
852, 05/13/2020, 02:10:00, "...", 0, 0, 0
851, 05/13/2020, 02:20:00, "...", 0, 0, 0
850, 05/13/2020, 02:30:00, "...", 0, 0, 0
849, 05/13/2020, 02:40:00, "...", 0, 0, 0
848, 05/13/2020, 02:50:00, "...", 0, 0, 0
847, 05/13/2020, 03:00:00, "...", 0, 0, 0
846, 05/13/2020, 03:10:00, "...", 0, 0, 0
845, 05/13/2020, 03:20:00, "...", 0, 0, 0
844, 05/13/2020, 03:30:00, "...", 0, 0, 0
843, 05/13/2020, 03:40:00, "...", 0, 0, 0
842, 05/13/2020, 03:50:00, "...", 0, 0, 0
841, 05/13/2020, 04:00:00, "...", 0, 0, 0
840, 05/13/2020, 04:10:00, "...", 0, 0, 0
839, 05/13/2020, 04:20:00, "...", 0, 0, 0
838, 05/13/2020, 04:30:00, "...", 0, 0, 0
837, 05/13/2020, 04:40:00, "...", 0, 0, 0
836, 05/13/2020, 04:50:00, "...", 0, 0, 0
835, 05/13/2020, 05:00:00, "...", 0, 0, 0
834, 05/13/2020, 05:10:00, "...", 0, 0, 0
833, 05/13/2020, 05:20:00, "...", 0, 0, 0
832, 05/13/2020, 05:30:00, "...", 0, 0, 0
831, 05/13/2020, 05:40:00, "...", 0, 0, 0
830, 05/13/2020, 05:50:00, "...", 0, 0, 0
829, 05/13/2020, 06:00:00, "...", 0, 0, 0
828, 05/13/2020, 06:10:00, "...", 0, 0, 0
827, 05/13/2020, 06:20:00, "...", 0, 0, 0
826, 05/13/2020, 06:30:00, "...", 0, 0, 0
825, 05/13/2020, 06:40:00, "...", 0, 0, 0
824, 05/13/2020, 06:50:00, "...", 0, 0, 0
823, 05/13/2020, 07:00:00, "...", 0, 0, 0
822, 05/13/2020, 07:10:00, "...", 0, 0, 0
821, 05/13/2020, 07:20:00, "...", 0, 0, 0
820, 05/13/2020, 07:30:00, "...", 0, 0, 0
819, 05/13/2020, 07:40:00, "...", 0, 0, 0
818, 05/13/2020, 07:50:00, "...", 0, 0, 0
817, 05/13/2020, 08:00:00, "...", 0, 0, 0
816, 05/13/2020, 08:10:00, "...", 0, 0, 0
815, 05/13/2020, 08:20:00, "...", 0, 0, 0
814, 05/13/2020, 08:30:00, "...", 0, 0, 0
813, 05/13/2020, 08:40:00, "...", 0, 0, 0
812, 05/13/2020, 08:50:00, "...", 0, 0, 0
811, 05/13/2020, 09:00:00, "...", 0, 0, 0
810, 05/13/2020, 09:10:00, "...", 0, 0, 0
809, 05/13/2020, 09:20:00, "...", 0, 0, 0
808, 05/13/2020, 09:30:00, "...", 0, 0, 0
807, 05/13/2020, 09:40:00, "...", 0, 0, 0
806, 05/13/2020, 09:50:00, "...", 0, 0, 0
805, 05/13/2020, 10:00:00, "...", 0, 0, 0
804, 05/13/2020, 10:10:00, "...", 0, 0, 0
803, 05/13/2020, 10:20:00, "...", 0, 0, 0
802, 05/13/2020, 10:30:00, "...", 0, 0, 0
801, 05/13/2020, 10:40:00, "...", 0, 0, 0
800, 05/13/2020, 10:50:00, "...", 0, 0, 0
799, 05/13/2020, 11:00:00, "...", 0, 0, 0
798, 05/13/2020, 11:10:00, "...", 0, 0, 0
797, 05/13/2020, 11:20:00, "...", 0, 0, 0
796, 05/13/2020, 11:30:00, "...", 0, 0, 0
795, 05/13/2020, 11:40:00, "...", 0, 0, 0
794, 05/13/2020, 11:50:00, "...", 0, 0, 0
793, 05/13/2020, 12:00:00, "...", 0, 0, 0
792, 05/13/2020, 12:10:00, "...", 0, 0, 0
791, 05/13/2020, 12:20:00, "...", 0, 0, 0
790, 05/13/2020, 12:30:00, "...", 0, 0, 0
789, 05/13/2020, 12:40:00, "...", 0, 0, 0
788, 05/13/2020, 12:50:00, "...", 0, 0, 0
787, 05/13/2020, 13:00:00, "...", 0, 0, 0
786, 05/13/2020, 13:10:00, "...", 0, 0, 0
785, 05/13/2020, 13:20:00, "...", 0, 0, 0
784, 05/13/2020, 13:30:00, "...", 0, 0, 0
783, 05/13/2020, 13:40:00, "...", 0, 0, 0
782, 05/13/2020, 13:50:00, "...", 0, 0, 0
781, 05/13/2020, 14:00:00, "...", 0, 0, 0
780, 05/13/2020, 14:10:00, "...", 0, 0, 0
779, 05/13/2020, 14:20:00, "...", 0, 0, 0
778, 05/13/2020, 14:30:00, "...", 0, 0, 0
777, 05/13/2020, 14:40:00, "...", 0, 0, 0
776, 05/13/2020, 14:50:00, "...", 0, 0, 0
775, 05/13/2020, 15:00:00, "...", 0, 0, 0
774, 05/13/2020, 15:10:00, "...", 0, 0, 0
773, 05/13/2020, 15:20:00, "...", 0, 0, 0
772, 05/13/2020, 15:30:00, "...", 0, 0, 0
771, 05/13/2020, 15:40:00, "...", 0, 0, 0
770, 05/13/2020, 15:50:00, "...", 0, 0, 0
769, 05/13/2020, 16:00:00, "...", 0, 0, 0
768, 05/13/2020, 16:10:00, "...", 0, 0, 0
767, 05/13/2020, 16:20:00, "...", 0, 0, 0
766, 05/13/2020, 16:30:00, "...", 0, 0, 0
765, 05/13/2020, 16:40:00, "...", 0, 0, 0
764, 05/13/2020, 16:50:00, "...", 0, 0, 0
763, 05/13/2020, 17:00:00, "...", 0, 0, 0
762, 05/13/2020, 17:10:00, "...", 0, 0, 0
761, 05/13/2020, 17:20:00, "...", 0, 0, 0
760, 05/13/2020, 17:30:00, "...", 0, 0, 0
759, 05/13/2020, 17:40:00, "...", 0, 0, 0
758, 05/13/2020, 17:50:00, "...", 0, 0, 0
757, 05/13/2020, 18:00:00, "...", 0, 0, 0
756, 05/13/2020, 18:10:00, "...", 0, 0, 0
755, 05/13/2020, 18:20:00, "...", 0, 0, 0
754, 05/13/2020, 18:30:00, "...", 0, 0, 0
753, 05/13/2020, 18:40:00, "...", 0, 0, 0
752, 05/13/2020, 18:50:00, "(2;3)", 0, 0, 0
751, 05/13/2020, 19:00:00, "...", 0, 0, 0
750, 05/13/2020, 19:10:00, "(2;3)", 0, 0, 0
749, 05/13/2020, 19:20:00, "...", 0, 0, 0
748, 05/13/2020, 19:30:00, "...", 0, 0, 0
747, 05/13/2020, 19:40:00, "...", 0, 0, 0
746, 05/13/2020, 19:50:00, "...", 0, 0, 0
745, 05/13/2020, 20:00:00, "...", 0, 0, 0
744, 05/13/2020, 20:10:00, "...", 0, 0, 0
743, 05/13/2020, 20:20:00, "...", 0, 0, 0
742, 05/13/2020, 20:30:00, "...", 0, 0, 0
741, 05/13/2020, 20:40:00, "...", 0, 0, 0
740, 05/13/2020, 20:50:00, "...", 0, 0, 0
739, 05/13/2020, 21:00:00, "...", 0, 0, 0
738, 05/13/2020, 21:10:00, "...", 0, 0, 0
737, 05/13/2020, 21:20:00, "...", 0, 0, 0
736, 05/13/2020, 21:30:00, "...", 0, 0, 0
735, 05/13/2020, 21:40:00, "...", 0, 0, 0
734, 05/13/2020, 21:50:00, "...", 0, 0, 0
733, 05/13/2020, 22:00:00, "...", 0, 0, 0
732, 05/13/2020, 22:10:00, "...", 0, 0, 0
731, 05/13/2020, 22:20:00, "...", 0, 0, 0
730, 05/13/2020, 22:30:00, "...", 0, 0, 0
729, 05/13/2020, 22:40:00, "...", 0, 0, 0
728, 05/13/2020, 22:50:00, "...", 0, 0, 0
727, 05/13/2020, 23:00:00, "...", 0, 0, 0
726, 05/13/2020, 23:10:00, "...", 0, 0, 0
725, 05/13/2020, 23:20:00, "...", 0, 0, 0
724, 05/13/2020, 23:30:00, "...", 0, 0, 0
723, 05/13/2020, 23:40:00, "...", 0, 0, 0
722, 05/13/2020, 23:50:00, "...", 0, 0, 0
721, 05/14/2020, 00:00:00, "...", 0, 0, 0
720, 05/14/2020, 00:10:00, "...", 0, 0, 0
719, 05/14/2020, 00:20:00, "...", 0, 0, 0
718, 05/14/2020, 00:30:00, "...", 0, 0, 0
717, 05/14/2020, 00:40:00, "...", 0, 0, 0
716, 05/14/2020, 00:50:00, "...", 0, 0, 0
715, 05/14/2020, 01:00:00, "...", 0, 0, 0
714, 05/14/2020, 01:10:00, "...", 0, 0, 0
713, 05/14/2020, 01:20:00, "...", 0, 0, 0
712, 05/14/2020, 01:30:00, "...", 0, 0, 0
711, 05/14/2020, 01:40:00, "...", 0, 0, 0
710, 05/14/2020, 01:50:00, "...", 0, 0, 0
709, 05/14/2020, 02:00:00, "...", 0, 0, 0
708, 05/14/2020, 02:10:00, "...", 0, 0, 0
707, 05/14/2020, 02:20:00, "...", 0, 0, 0
706, 05/14/2020, 02:30:00, "...", 0, 0, 0
705, 05/14/2020, 02:40:00, "...", 0, 0, 0
704, 05/14/2020, 02:50:00, "...", 0, 0, 0
703, 05/14/2020, 03:00:00, "...", 0, 0, 0
702, 05/14/2020, 03:10:00, "...", 0, 0, 0
701, 05/14/2020, 03:20:00, "...", 0, 0, 0
700, 05/14/2020, 03:30:00, "...", 0, 0, 0
699, 05/14/2020, 03:40:00, "...", 0, 0, 0
698, 05/14/2020, 03:50:00, "...", 0, 0, 0
697, 05/14/2020, 04:00:00, "...", 0, 0, 0
696, 05/14/2020, 04:10:00, "...", 0, 0, 0
695, 05/14/2020, 04:20:00, "...", 0, 0, 0
694, 05/14/2020, 04:30:00, "...", 0, 0, 0
693, 05/14/2020, 04:40:00, "...", 0, 0, 0
692, 05/14/2020, 04:50:00, "...", 0, 0, 0
691, 05/14/2020, 05:00:00, "...", 0, 0, 0
690, 05/14/2020, 05:10:00, "...", 0, 0, 0
689, 05/14/2020, 05:20:00, "...", 0, 0, 0
688, 05/14/2020, 05:30:00, "...", 0, 0, 0
687, 05/14/2020, 05:40:00, "...", 0, 0, 0
686, 05/14/2020, 05:50:00, "...", 0, 0, 0
685, 05/14/2020, 06:00:00, "...", 0, 0, 0
684, 05/14/2020, 06:10:00, "...", 0, 0, 0
683, 05/14/2020, 06:20:00, "...", 0, 0, 0
682, 05/14/2020, 06:30:00, "...", 0, 0, 0
681, 05/14/2020, 06:40:00, "...", 0, 0, 0
680, 05/14/2020, 06:50:00, "...", 0, 0, 0
679, 05/14/2020, 07:00:00, "...", 0, 0, 0
678, 05/14/2020, 07:10:00, "...", 0, 0, 0
677, 05/14/2020, 07:20:00, "...", 0, 0, 0
676, 05/14/2020, 07:30:00, "...", 0, 0, 0
675, 05/14/2020, 07:40:00, "...", 0, 0, 0
674, 05/14/2020, 07:50:00, "...", 0, 0, 0
673, 05/14/2020, 08:00:00, "...", 0, 0, 0
672, 05/14/2020, 08:10:00, "...", 0, 0, 0
671, 05/14/2020, 08:20:00, "...", 0, 0, 0
670, 05/14/2020, 08:30:00, "...", 0, 0, 0
669, 05/14/2020, 08:40:00, "...", 0, 0, 0
668, 05/14/2020, 08:50:00, "...", 0, 0, 0
667, 05/14/2020, 09:00:00, "...", 0, 0, 0
666, 05/14/2020, 09:10:00, "...", 0, 0, 0
665, 05/14/2020, 09:20:00, "...", 0, 0, 0
664, 05/14/2020, 09:30:00, "...", 0, 0, 0
663, 05/14/2020, 09:40:00, "...", 0, 0, 0
662, 05/14/2020, 09:50:00, "...", 0, 0, 0
661, 05/14/2020, 10:00:00, "...", 0, 0, 0
660, 05/14/2020, 10:10:00, "...", 0, 0, 0
659, 05/14/2020, 10:20:00, "...", 0, 0, 0
658, 05/14/2020, 10:30:00, "...", 0, 0, 0
657, 05/14/2020, 10:40:00, "...", 0, 0, 0
656, 05/14/2020, 10:50:00, "...", 0, 0, 0
655, 05/14/2020, 11:00:00, "...", 0, 0, 0
654, 05/14/2020, 11:10:00, "...", 0, 0, 0
653, 05/14/2020, 11:20:00, "...", 0, 0, 0
652, 05/14/2020, 11:30:00, "...", 0, 0, 0
651, 05/14/2020, 11:40:00, "...", 0, 0, 0
650, 05/14/2020, 11:50:00, "...", 0, 0, 0
649, 05/14/2020, 12:00:00, "...", 0, 0, 0
648, 05/14/2020, 12:10:00, "...", 0, 0, 0
647, 05/14/2020, 12:20:00, "...", 0, 0, 0
646, 05/14/2020, 12:30:00, "...", 0, 0, 0
645, 05/14/2020, 12:40:00, "...", 0, 0, 0
644, 05/14/2020, 12:50:00, "...", 0, 0, 0
643, 05/14/2020, 13:00:00, "...", 0, 0, 0
642, 05/14/2020, 13:10:00, "...", 0, 0, 0
641, 05/14/2020, 13:20:00, "...", 0, 0, 0
640, 05/14/2020, 13:30:00, "...", 0, 0, 0
639, 05/14/2020, 13:40:00, "...", 0, 0, 0
638, 05/14/2020, 13:50:00, "...", 0, 0, 0
637, 05/14/2020, 14:00:00, "...", 0, 0, 0
636, 05/14/2020, 14:10:00, "...", 0, 0, 0
635, 05/14/2020, 14:20:00, "...", 0, 0, 0
634, 05/14/2020, 14:30:00, "...", 0, 0, 0
633, 05/14/2020, 14:40:00, "...", 0, 0, 0
632, 05/14/2020, 14:50:00, "...", 0, 0, 0
631, 05/14/2020, 15:00:00, "...", 0, 0, 0
630, 05/14/2020, 15:10:00, "...", 0, 0, 0
629, 05/14/2020, 15:20:00, "...", 0, 0, 0
628, 05/14/2020, 15:30:00, "...", 0, 0, 0
627, 05/14/2020, 15:40:00, "...", 0, 0, 0
626, 05/14/2020, 15:50:00, "...", 0, 0, 0
625, 05/14/2020, 16:00:00, "...", 0, 0, 0
624, 05/14/2020, 16:10:00, "...", 0, 0, 0
623, 05/14/2020, 16:20:00, "...", 0, 0, 0
622, 05/14/2020, 16:30:00, "...", 0, 0, 0
621, 05/14/2020, 16:40:00, "...", 0, 0, 0
620, 05/14/2020, 16:50:00, "...", 0, 0, 0
619, 05/14/2020, 17:00:00, "...", 0, 0, 0
618, 05/14/2020, 17:10:00, "...", 0, 0, 0
617, 05/14/2020, 17:20:00, "...", 0, 0, 0
616, 05/14/2020, 17:30:00, "...", 0, 0, 0
615, 05/14/2020, 17:40:00, "...", 0, 0, 0
614, 05/14/2020, 17:50:00, "...", 0, 0, 0
613, 05/14/2020, 18:00:00, "...", 0, 0, 0
612, 05/14/2020, 18:10:00, "...", 0, 0, 0
611, 05/14/2020, 18:20:00, "...", 0, 0, 0
610, 05/14/2020, 18:30:00, "...", 0, 0, 0
609, 05/14/2020, 18:40:00, "...", 0, 0, 0
608, 05/14/2020, 18:50:00, "...", 0, 0, 0
607, 05/14/2020, 19:00:00, "...", 0, 0, 0
606, 05/14/2020, 19:10:00, "...", 0, 0, 0
605, 05/14/2020, 19:20:00, "...", 0, 0, 0
604, 05/14/2020, 19:30:00, "...", 0, 0, 0
603, 05/14/2020, 19:40:00, "...", 0, 0, 0
602, 05/14/2020, 19:50:00, "...", 0, 0, 0
601, 05/14/2020, 20:00:00, "...", 0, 0, 0
600, 05/14/2020, 20:10:00, "...", 0, 0, 0
599, 05/14/2020, 20:20:00, "...", 0, 0, 0
598, 05/14/2020, 20:30:00, "...", 0, 0, 0
597, 05/14/2020, 20:40:00, "...", 0, 0, 0
596, 05/14/2020, 20:50:00, "...", 0, 0, 0
595, 05/14/2020, 21:00:00, "...", 0, 0, 0
594, 05/14/2020, 21:10:00, "...", 0, 0, 0
593, 05/14/2020, 21:20:00, "...", 0, 0, 0
592, 05/14/2020, 21:30:00, "...", 0, 0, 0
591, 05/14/2020, 21:40:00, "...", 0, 0, 0
590, 05/14/2020, 21:50:00, "...", 0, 0, 0
589, 05/14/2020, 22:00:00, "...", 0, 0, 0
588, 05/14/2020, 22:10:00, "...", 0, 0, 0
587, 05/14/2020, 22:20:00, "...", 0, 0, 0
586, 05/14/2020, 22:30:00, "...", 0, 0, 0
585, 05/14/2020, 22:40:00, "...", 0, 0, 0
584, 05/14/2020, 22:50:00, "...", 0, 0, 0
583, 05/14/2020, 23:00:00, "...", 0, 0, 0
582, 05/14/2020, 23:10:00, "...", 0, 0, 0
581, 05/14/2020, 23:20:00, "...", 0, 0, 0
580, 05/14/2020, 23:30:00, "...", 0, 0, 0
579, 05/14/2020, 23:40:00, "...", 0, 0, 0
578, 05/14/2020, 23:50:00, "...", 0, 0, 0
577, 05/15/2020, 00:00:00, "...", 0, 0, 0
576, 05/15/2020, 00:10:00, "...", 0, 0, 0
575, 05/15/2020, 00:20:00, "...", 0, 0, 0
574, 05/15/2020, 00:30:00, "...", 0, 0, 0
573, 05/15/2020, 00:40:00, "...", 0, 0, 0
572, 05/15/2020, 00:50:00, "...", 0, 0, 0
571, 05/15/2020, 01:00:00, "...", 0, 0, 0
570, 05/15/2020, 01:10:00, "...", 0, 0, 0
569, 05/15/2020, 01:20:00, "...", 0, 0, 0
568, 05/15/2020, 01:30:00, "...", 0, 0, 0
567, 05/15/2020, 01:40:00, "...", 0, 0, 0
566, 05/15/2020, 01:50:00, "...", 0, 0, 0
565, 05/15/2020, 02:00:00, "...", 0, 0, 0
564, 05/15/2020, 02:10:00, "...", 0, 0, 0
563, 05/15/2020, 02:20:00, "...", 0, 0, 0
562, 05/15/2020, 02:30:00, "...", 0, 0, 0
561, 05/15/2020, 02:40:00, "...", 0, 0, 0
560, 05/15/2020, 02:50:00, "...", 0, 0, 0
559, 05/15/2020, 03:00:00, "...", 0, 0, 0
558, 05/15/2020, 03:10:00, "...", 0, 0, 0
557, 05/15/2020, 03:20:00, "...", 0, 0, 0
556, 05/15/2020, 03:30:00, "...", 0, 0, 0
555, 05/15/2020, 03:40:00, "...", 0, 0, 0
554, 05/15/2020, 03:50:00, "...", 0, 0, 0
553, 05/15/2020, 04:00:00, "...", 0, 0, 0
552, 05/15/2020, 04:10:00, "...", 0, 0, 0
551, 05/15/2020, 04:20:00, "...", 0, 0, 0
550, 05/15/2020, 04:30:00, "...", 0, 0, 0
549, 05/15/2020, 04:40:00, "...", 0, 0, 0
548, 05/15/2020, 04:50:00, "...", 0, 0, 0
547, 05/15/2020, 05:00:00, "...", 0, 0, 0
546, 05/15/2020, 05:10:00, "...", 0, 0, 0
545, 05/15/2020, 05:20:00, "...", 0, 0, 0
544, 05/15/2020, 05:30:00, "...", 0, 0, 0
543, 05/15/2020, 05:40:00, "...", 0, 0, 0
542, 05/15/2020, 05:50:00, "...", 0, 0, 0
541, 05/15/2020, 06:00:00, "...", 0, 0, 0
540, 05/15/2020, 06:10:00, "...", 0, 0, 0
539, 05/15/2020, 06:20:00, "...", 0, 0, 0
538, 05/15/2020, 06:30:00, "...", 0, 0, 0
537, 05/15/2020, 06:40:00, "...", 0, 0, 0
536, 05/15/2020, 06:50:00, "...", 0, 0, 0
535, 05/15/2020, 07:00:00, "...", 0, 0, 0
534, 05/15/2020, 07:10:00, "...", 0, 0, 0
533, 05/15/2020, 07:20:00, "...", 0, 0, 0
532, 05/15/2020, 07:30:00, "...", 0, 0, 0
531, 05/15/2020, 07:40:00, "...", 0, 0, 0
530, 05/15/2020, 07:50:00, "...", 0, 0, 0
529, 05/15/2020, 08:00:00, "...", 0, 0, 0
528, 05/15/2020, 08:10:00, "...", 0, 0, 0
527, 05/15/2020, 08:20:00, "...", 0, 0, 0
526, 05/15/2020, 08:30:00, "...", 0, 0, 0
525, 05/15/2020, 08:40:00, "...", 0, 0, 0
524, 05/15/2020, 08:50:00, "...", 0, 0, 0
523, 05/15/2020, 09:00:00, "...", 0, 0, 0
522, 05/15/2020, 09:10:00, "...", 0, 0, 0
521, 05/15/2020, 09:20:00, "...", 0, 0, 0
520, 05/15/2020, 09:30:00, "...", 0, 0, 0
519, 05/15/2020, 09:40:00, "...", 0, 0, 0
518, 05/15/2020, 09:50:00, "...", 0, 0, 0
517, 05/15/2020, 10:00:00, "...", 0, 0, 0
516, 05/15/2020, 10:10:00, "...", 0, 0, 0
515, 05/15/2020, 10:20:00, "...", 0, 0, 0
514, 05/15/2020, 10:30:00, "...", 0, 0, 0
513, 05/15/2020, 10:40:00, "...", 0, 0, 0
512, 05/15/2020, 10:50:00, "...", 0, 0, 0
511, 05/15/2020, 11:00:00, "...", 0, 0, 0
510, 05/15/2020, 11:10:00, "...", 0, 0, 0
509, 05/15/2020, 11:20:00, "...", 0, 0, 0
508, 05/15/2020, 11:30:00, "...", 0, 0, 0
507, 05/15/2020, 11:40:00, "...", 0, 0, 0
506, 05/15/2020, 11:50:00, "...", 0, 0, 0
505, 05/15/2020, 12:00:00, "...", 0, 0, 0
504, 05/15/2020, 12:10:00, "...", 0, 0, 0
503, 05/15/2020, 12:20:00, "...", 0, 0, 0
502, 05/15/2020, 12:30:00, "...", 0, 0, 0
501, 05/15/2020, 12:40:00, "...", 0, 0, 0
500, 05/15/2020, 12:50:00, "...", 0, 0, 0
499, 05/15/2020, 13:00:00, "...", 0, 0, 0
498, 05/15/2020, 13:10:00, "...", 0, 0, 0
497, 05/15/2020, 13:20:00, "...", 0, 0, 0
496, 05/15/2020, 13:30:00, "...", 0, 0, 0
495, 05/15/2020, 13:40:00, "...", 0, 0, 0
494, 05/15/2020, 13:50:00, "...", 0, 0, 0
493, 05/15/2020, 14:00:00, "...", 0, 0, 0
492, 05/15/2020, 14:10:00, "...", 0, 0, 0
491, 05/15/2020, 14:20:00, "...", 0, 0, 0
490, 05/15/2020, 14:30:00, "...", 0, 0, 0
489, 05/15/2020, 14:40:00, "...", 0, 0, 0
488, 05/15/2020, 14:50:00, "...", 0, 0, 0
487, 05/15/2020, 15:00:00, "...", 0, 0, 0
486, 05/15/2020, 15:10:00, "...", 0, 0, 0
485, 05/15/2020, 15:20:00, "...", 0, 0, 0
484, 05/15/2020, 15:30:00, "...", 0, 0, 0
483, 05/15/2020, 15:40:00, "...", 0, 0, 0
482, 05/15/2020, 15:50:00, "...", 0, 0, 0
481, 05/15/2020, 16:00:00, "...", 0, 0, 0
480, 05/15/2020, 16:10:00, "...", 0, 0, 0
479, 05/15/2020, 16:20:00, "...", 0, 0, 0
478, 05/15/2020, 16:30:00, "...", 0, 0, 0
477, 05/15/2020, 16:40:00, "...", 0, 0, 0
476, 05/15/2020, 16:50:00, "...", 0, 0, 0
475, 05/15/2020, 17:00:00, "...", 0, 0, 0
474, 05/15/2020, 17:10:00, "...", 0, 0, 0
473, 05/15/2020, 17:20:00, "...", 0, 0, 0
472, 05/15/2020, 17:30:00, "...", 0, 0, 0
471, 05/15/2020, 17:40:00, "...", 0, 0, 0
470, 05/15/2020, 17:50:00, "...", 0, 0, 0
469, 05/15/2020, 18:00:00, "...", 0, 0, 0
468, 05/15/2020, 18:10:00, "...", 0, 0, 0
467, 05/15/2020, 18:20:00, "...", 0, 0, 0
466, 05/15/2020, 18:30:00, "...", 0, 0, 0
465, 05/15/2020, 18:40:00, "...", 0, 0, 0
464, 05/15/2020, 18:50:00, "...", 0, 0, 0
463, 05/15/2020, 19:00:00, "...", 0, 0, 0
462, 05/15/2020, 19:10:00, "...", 0, 0, 0
461, 05/15/2020, 19:20:00, "...", 0, 0, 0
460, 05/15/2020, 19:30:00, "...", 0, 0, 0
459, 05/15/2020, 19:40:00, "...", 0, 0, 0
458, 05/15/2020, 19:50:00, "...", 0, 0, 0
457, 05/15/2020, 20:00:00, "...", 0, 0, 0
456, 05/15/2020, 20:10:00, "...", 0, 0, 0
455, 05/15/2020, 20:20:00, "...", 0, 0, 0
454, 05/15/2020, 20:30:00, "...", 0, 0, 0
453, 05/15/2020, 20:40:00, "...", 0, 0, 0
452, 05/15/2020, 20:50:00, "...", 0, 0, 0
451, 05/15/2020, 21:00:00, "...", 0, 0, 0
450, 05/15/2020, 21:10:00, "...", 0, 0, 0
449, 05/15/2020, 21:20:00, "...", 0, 0, 0
448, 05/15/2020, 21:30:00, "...", 0, 0, 0
447, 05/15/2020, 21:40:00, "...", 0, 0, 0
446, 05/15/2020, 21:50:00, "...", 0, 0, 0
445, 05/15/2020, 22:00:00, "...", 0, 0, 0
444, 05/15/2020, 22:10:00, "...", 0, 0, 0
443, 05/15/2020, 22:20:00, "...", 0, 0, 0
442, 05/15/2020, 22:30:00, "...", 0, 0, 0
441, 05/15/2020, 22:40:00, "...", 0, 0, 0
440, 05/15/2020, 22:50:00, "...", 0, 0, 0
439, 05/15/2020, 23:00:00, "...", 0, 0, 0
438, 05/15/2020, 23:10:00, "...", 0, 0, 0
437, 05/15/2020, 23:20:00, "...", 0, 0, 0
436, 05/15/2020, 23:30:00, "...", 0, 0, 0
435, 05/15/2020, 23:40:00, "...", 0, 0, 0
434, 05/15/2020, 23:50:00, "...", 0, 0, 0
433, 05/16/2020, 00:00:00, "...", 0, 0, 0
432, 05/16/2020, 00:10:00, "...", 0, 0, 0
431, 05/16/2020, 00:20:00, "...", 0, 0, 0
430, 05/16/2020, 00:30:00, "...", 0, 0, 0
429, 05/16/2020, 00:40:00, "...", 0, 0, 0
428, 05/16/2020, 00:50:00, "...", 0, 0, 0
427, 05/16/2020, 01:00:00, "...", 0, 0, 0
426, 05/16/2020, 01:10:00, "...", 0, 0, 0
425, 05/16/2020, 01:20:00, "...", 0, 0, 0
424, 05/16/2020, 01:30:00, "...", 0, 0, 0
423, 05/16/2020, 01:40:00, "...", 0, 0, 0
422, 05/16/2020, 01:50:00, "...", 0, 0, 0
421, 05/16/2020, 02:00:00, "...", 0, 0, 0
420, 05/16/2020, 02:10:00, "...", 0, 0, 0
419, 05/16/2020, 02:20:00, "...", 0, 0, 0
418, 05/16/2020, 02:30:00, "...", 0, 0, 0
417, 05/16/2020, 02:40:00, "...", 0, 0, 0
416, 05/16/2020, 02:50:00, "...", 0, 0, 0
415, 05/16/2020, 03:00:00, "...", 0, 0, 0
414, 05/16/2020, 03:10:00, "...", 0, 0, 0
413, 05/16/2020, 03:20:00, "...", 0, 0, 0
412, 05/16/2020, 03:30:00, "...", 0, 0, 0
411, 05/16/2020, 03:40:00, "...", 0, 0, 0
410, 05/16/2020, 03:50:00, "...", 0, 0, 0
409, 05/16/2020, 04:00:00, "...", 0, 0, 0
408, 05/16/2020, 04:10:00, "...", 0, 0, 0
407, 05/16/2020, 04:20:00, "...", 0, 0, 0
406, 05/16/2020, 04:30:00, "...", 0, 0, 0
405, 05/16/2020, 04:40:00, "...", 0, 0, 0
404, 05/16/2020, 04:50:00, "...", 0, 0, 0
403, 05/16/2020, 05:00:00, "...", 0, 0, 0
402, 05/16/2020, 05:10:00, "...", 0, 0, 0
401, 05/16/2020, 05:20:00, "...", 0, 0, 0
400, 05/16/2020, 05:30:00, "...", 0, 0, 0
399, 05/16/2020, 05:40:00, "...", 0, 0, 0
398, 05/16/2020, 05:50:00, "...", 0, 0, 0
397, 05/16/2020, 06:00:00, "...", 0, 0, 0
396, 05/16/2020, 06:10:00, "...", 0, 0, 0
395, 05/16/2020, 06:20:00, "...", 0, 0, 0
394, 05/16/2020, 06:30:00, "...", 0, 0, 0
393, 05/16/2020, 06:40:00, "...", 0, 0, 0
392, 05/16/2020, 06:50:00, "...", 0, 0, 0
391, 05/16/2020, 07:00:00, "...", 0, 0, 0
390, 05/16/2020, 07:10:00, "...", 0, 0, 0
389, 05/16/2020, 07:20:00, "...", 0, 0, 0
388, 05/16/2020, 07:30:00, "...", 0, 0, 0
387, 05/16/2020, 07:40:00, "...", 0, 0, 0
386, 05/16/2020, 07:50:00, "...", 0, 0, 0
385, 05/16/2020, 08:00:00, "...", 0, 0, 0
384, 05/16/2020, 08:10:00, "...", 0, 0, 0
383, 05/16/2020, 08:20:00, "...", 0, 0, 0
382, 05/16/2020, 08:30:00, "...", 0, 0, 0
381, 05/16/2020, 08:40:00, "...", 0, 0, 0
380, 05/16/2020, 08:50:00, "...", 0, 0, 0
379, 05/16/2020, 09:00:00, "...", 0, 0, 0
378, 05/16/2020, 09:10:00, "...", 0, 0, 0
377, 05/16/2020, 09:20:00, "...", 0, 0, 0
376, 05/16/2020, 09:30:00, "...", 0, 0, 0
375, 05/16/2020, 09:40:00, "...", 0, 0, 0
374, 05/16/2020, 09:50:00, "...", 0, 0, 0
373, 05/16/2020, 10:00:00, "...", 0, 0, 0
372, 05/16/2020, 10:10:00, "...", 0, 0, 0
371, 05/16/2020, 10:20:00, "...", 0, 0, 0
370, 05/16/2020, 10:30:00, "...", 0, 0, 0
369, 05/16/2020, 10:40:00, "...", 0, 0, 0
368, 05/16/2020, 10:50:00, "...", 0, 0, 0
367, 05/16/2020, 11:00:00, "...", 0, 0, 0
366, 05/16/2020, 11:10:00, "...", 0, 0, 0
365, 05/16/2020, 11:20:00, "...", 0, 0, 0
364, 05/16/2020, 11:30:00, "...", 0, 0, 0
363, 05/16/2020, 11:40:00, "...", 0, 0, 0
362, 05/16/2020, 11:50:00, "...", 0, 0, 0
361, 05/16/2020, 12:00:00, "...", 0, 0, 0
360, 05/16/2020, 12:10:00, "...", 0, 0, 0
359, 05/16/2020, 12:20:00, "...", 0, 0, 0
358, 05/16/2020, 12:30:00, "...", 0, 0, 0
357, 05/16/2020, 12:40:00, "...", 0, 0, 0
356, 05/16/2020, 12:50:00, "...", 0, 0, 0
355, 05/16/2020, 13:00:00, "...", 0, 0, 0
354, 05/16/2020, 13:10:00, "...", 0, 0, 0
353, 05/16/2020, 13:20:00, "...", 0, 0, 0
352, 05/16/2020, 13:30:00, "...", 0, 0, 0
351, 05/16/2020, 13:40:00, "...", 0, 0, 0
350, 05/16/2020, 13:50:00, "...", 0, 0, 0
349, 05/16/2020, 14:00:00, "...", 0, 0, 0
348, 05/16/2020, 14:10:00, "...", 0, 0, 0
347, 05/16/2020, 14:20:00, "...", 0, 0, 0
346, 05/16/2020, 14:30:00, "...", 0, 0, 0
345, 05/16/2020, 14:40:00, "...", 0, 0, 0
344, 05/16/2020, 14:50:00, "...", 0, 0, 0
343, 05/16/2020, 15:00:00, "...", 0, 0, 0
342, 05/16/2020, 15:10:00, "...", 0, 0, 0
341, 05/16/2020, 15:20:00, "...", 0, 0, 0
340, 05/16/2020, 15:30:00, "...", 0, 0, 0
339, 05/16/2020, 15:40:00, "...", 0, 0, 0
338, 05/16/2020, 15:50:00, "...", 0, 0, 0
337, 05/16/2020, 16:00:00, "...", 0, 0, 0
336, 05/16/2020, 16:10:00, "...", 0, 0, 0
335, 05/16/2020, 16:20:00, "...", 0, 0, 0
334, 05/16/2020, 16:30:00, "...", 0, 0, 0
333, 05/16/2020, 16:40:00, "...", 0, 0, 0
332, 05/16/2020, 16:50:00, "...", 0, 0, 0
331, 05/16/2020, 17:00:00, "...", 0, 0, 0
330, 05/16/2020, 17:10:00, "...", 0, 0, 0
329, 05/16/2020, 17:20:00, "...", 0, 0, 0
328, 05/16/2020, 17:30:00, "...", 0, 0, 0
327, 05/16/2020, 17:40:00, "...", 0, 0, 0
326, 05/16/2020, 17:50:00, "...", 0, 0, 0
325, 05/16/2020, 18:00:00, "...", 0, 0, 0
324, 05/16/2020, 18:10:00, "...", 0, 0, 0
323, 05/16/2020, 18:20:00, "...", 0, 0, 0
322, 05/16/2020, 18:30:00, "...", 0, 0, 0
321, 05/16/2020, 18:40:00, "...", 0, 0, 0
320, 05/16/2020, 18:50:00, "...", 0, 0, 0
319, 05/16/2020, 19:00:00, "...", 0, 0, 0
318, 05/16/2020, 19:10:00, "...", 0, 0, 0
317, 05/16/2020, 19:20:00, "...", 0, 0, 0
316, 05/16/2020, 19:30:00, "...", 0, 0, 0
315, 05/16/2020, 19:40:00, "...", 0, 0, 0
314, 05/16/2020, 19:50:00, "...", 0, 0, 0
313, 05/16/2020, 20:00:00, "...", 0, 0, 0
312, 05/16/2020, 20:10:00, "...", 0, 0, 0
311, 05/16/2020, 20:20:00, "...", 0, 0, 0
310, 05/16/2020, 20:30:00, "...", 0, 0, 0
309, 05/16/2020, 20:40:00, "...", 0, 0, 0
308, 05/16/2020, 20:50:00, "...", 0, 0, 0
307, 05/16/2020, 21:00:00, "...", 0, 0, 0
306, 05/16/2020, 21:10:00, "...", 0, 0, 0
305, 05/16/2020, 21:20:00, "...", 0, 0, 0
304, 05/16/2020, 21:30:00, "...", 0, 0, 0
303, 05/16/2020, 21:40:00, "...", 0, 0, 0
302, 05/16/2020, 21:50:00, "...", 0, 0, 0
301, 05/16/2020, 22:00:00, "...", 0, 0, 0
300, 05/16/2020, 22:10:00, "...", 0, 0, 0
299, 05/16/2020, 22:20:00, "...", 0, 0, 0
298, 05/16/2020, 22:30:00, "...", 0, 0, 0
297, 05/16/2020, 22:40:00, "...", 0, 0, 0
296, 05/16/2020, 22:50:00, "...", 0, 0, 0
295, 05/16/2020, 23:00:00, "...", 0, 0, 0
294, 05/16/2020, 23:10:00, "...", 0, 0, 0
293, 05/16/2020, 23:20:00, "...", 0, 0, 0
292, 05/16/2020, 23:30:00, "...", 0, 0, 0
291, 05/16/2020, 23:40:00, "...", 0, 0, 0
290, 05/16/2020, 23:50:00, "...", 0, 0, 0
289, 05/17/2020, 00:00:00, "...", 0, 0, 0
288, 05/17/2020, 00:10:00, "...", 0, 0, 0
287, 05/17/2020, 00:20:00, "...", 0, 0, 0
286, 05/17/2020, 00:30:00, "...", 0, 0, 0
285, 05/17/2020, 00:40:00, "...", 0, 0, 0
284, 05/17/2020, 00:50:00, "...", 0, 0, 0
283, 05/17/2020, 01:00:00, "...", 0, 0, 0
282, 05/17/2020, 01:10:00, "...", 0, 0, 0
281, 05/17/2020, 01:20:00, "...", 0, 0, 0
280, 05/17/2020, 01:30:00, "...", 0, 0, 0
279, 05/17/2020, 01:40:00, "...", 0, 0, 0
278, 05/17/2020, 01:50:00, "...", 0, 0, 0
277, 05/17/2020, 02:00:00, "...", 0, 0, 0
276, 05/17/2020, 02:10:00, "...", 0, 0, 0
275, 05/17/2020, 02:20:00, "...", 0, 0, 0
274, 05/17/2020, 02:30:00, "...", 0, 0, 0
273, 05/17/2020, 02:40:00, "...", 0, 0, 0
272, 05/17/2020, 02:50:00, "...", 0, 0, 0
271, 05/17/2020, 03:00:00, "...", 0, 0, 0
270, 05/17/2020, 03:10:00, "...", 0, 0, 0
269, 05/17/2020, 03:20:00, "...", 0, 0, 0
268, 05/17/2020, 03:30:00, "...", 0, 0, 0
267, 05/17/2020, 03:40:00, "...", 0, 0, 0
266, 05/17/2020, 03:50:00, "...", 0, 0, 0
265, 05/17/2020, 04:00:00, "...", 0, 0, 0
264, 05/17/2020, 04:10:00, "...", 0, 0, 0
263, 05/17/2020, 04:20:00, "...", 0, 0, 0
262, 05/17/2020, 04:30:00, "...", 0, 0, 0
261, 05/17/2020, 04:40:00, "...", 0, 0, 0
260, 05/17/2020, 04:50:00, "...", 0, 0, 0
259, 05/17/2020, 05:00:00, "...", 0, 0, 0
258, 05/17/2020, 05:10:00, "...", 0, 0, 0
257, 05/17/2020, 05:20:00, "...", 0, 0, 0
256, 05/17/2020, 05:30:00, "...", 0, 0, 0
255, 05/17/2020, 05:40:00, "...", 0, 0, 0
254, 05/17/2020, 05:50:00, "...", 0, 0, 0
253, 05/17/2020, 06:00:00, "...", 0, 0, 0
252, 05/17/2020, 06:10:00, "...", 0, 0, 0
251, 05/17/2020, 06:20:00, "...", 0, 0, 0
250, 05/17/2020, 06:30:00, "...", 0, 0, 0
249, 05/17/2020, 06:40:00, "...", 0, 0, 0
248, 05/17/2020, 06:50:00, "...", 0, 0, 0
247, 05/17/2020, 07:00:00, "...", 0, 0, 0
246, 05/17/2020, 07:10:00, "...", 0, 0, 0
245, 05/17/2020, 07:20:00, "...", 0, 0, 0
244, 05/17/2020, 07:30:00, "...", 0, 0, 0
243, 05/17/2020, 07:40:00, "...", 0, 0, 0
242, 05/17/2020, 07:50:00, "...", 0, 0, 0
241, 05/17/2020, 08:00:00, "...", 0, 0, 0
240, 05/17/2020, 08:10:00, "...", 0, 0, 0
239, 05/17/2020, 08:20:00, "...", 0, 0, 0
238, 05/17/2020, 08:30:00, "...", 0, 0, 0
237, 05/17/2020, 08:40:00, "...", 0, 0, 0
236, 05/17/2020, 08:50:00, "...", 0, 0, 0
235, 05/17/2020, 09:00:00, "...", 0, 0, 0
234, 05/17/2020, 09:10:00, "...", 0, 0, 0
233, 05/17/2020, 09:20:00, "...", 0, 0, 0
232, 05/17/2020, 09:30:00, "...", 0, 0, 0
231, 05/17/2020, 09:40:00, "...", 0, 0, 0
230, 05/17/2020, 09:50:00, "...", 0, 0, 0
229, 05/17/2020, 10:00:00, "...", 0, 0, 0
228, 05/17/2020, 10:10:00, "...", 0, 0, 0
227, 05/17/2020, 10:20:00, "...", 0, 0, 0
226, 05/17/2020, 10:30:00, "...", 0, 0, 0
225, 05/17/2020, 10:40:00, "...", 0, 0, 0
224, 05/17/2020, 10:50:00, "...", 0, 0, 0
223, 05/17/2020, 11:00:00, "...", 0, 0, 0
222, 05/17/2020, 11:10:00, "...", 0, 0, 0
221, 05/17/2020, 11:20:00, "...", 0, 0, 0
220, 05/17/2020, 11:30:00, "...", 0, 0, 0
219, 05/17/2020, 11:40:00, "...", 0, 0, 0
218, 05/17/2020, 11:50:00, "...", 0, 0, 0
217, 05/17/2020, 12:00:00, "...", 0, 0, 0
216, 05/17/2020, 12:10:00, "...", 0, 0, 0
215, 05/17/2020, 12:20:00, "...", 0, 0, 0
214, 05/17/2020, 12:30:00, "...", 0, 0, 0
213, 05/17/2020, 12:40:00, "...", 0, 0, 0
212, 05/17/2020, 12:50:00, "...", 0, 0, 0
211, 05/17/2020, 13:00:00, "...", 0, 0, 0
210, 05/17/2020, 13:10:00, "...", 0, 0, 0
209, 05/17/2020, 13:20:00, "...", 0, 0, 0
208, 05/17/2020, 13:30:00, "...", 0, 0, 0
207, 05/17/2020, 13:40:00, "...", 0, 0, 0
206, 05/17/2020, 13:50:00, "...", 0, 0, 0
205, 05/17/2020, 14:00:00, "...", 0, 0, 0
204, 05/17/2020, 14:10:00, "...", 0, 0, 0
203, 05/17/2020, 14:20:00, "...", 0, 0, 0
202, 05/17/2020, 14:30:00, "...", 0, 0, 0
201, 05/17/2020, 14:40:00, "...", 0, 0, 0
200, 05/17/2020, 14:50:00, "...", 0, 0, 0
199, 05/17/2020, 15:00:00, "...", 0, 0, 0
198, 05/17/2020, 15:10:00, "...", 0, 0, 0
197, 05/17/2020, 15:20:00, "...", 0, 0, 0
196, 05/17/2020, 15:30:00, "...", 0, 0, 0
195, 05/17/2020, 15:40:00, "...", 0, 0, 0
194, 05/17/2020, 15:50:00, "...", 0, 0, 0
193, 05/17/2020, 16:00:00, "...", 0, 0, 0
192, 05/17/2020, 16:10:00, "...", 0, 0, 0
191, 05/17/2020, 16:20:00, "...", 0, 0, 0
190, 05/17/2020, 16:30:00, "...", 0, 0, 0
189, 05/17/2020, 16:40:00, "...", 0, 0, 0
188, 05/17/2020, 16:50:00, "...", 0, 0, 0
187, 05/17/2020, 17:00:00, "...", 0, 0, 0
186, 05/17/2020, 17:10:00, "...", 0, 0, 0
185, 05/17/2020, 17:20:00, "...", 0, 0, 0
184, 05/17/2020, 17:30:00, "...", 0, 0, 0
183, 05/17/2020, 17:40:00, "...", 0, 0, 0
182, 05/17/2020, 17:50:00, "...", 0, 0, 0
181, 05/17/2020, 18:00:00, "...", 0, 0, 0
180, 05/17/2020, 18:10:00, "...", 0, 0, 0
179, 05/17/2020, 18:20:00, "...", 0, 0, 0
178, 05/17/2020, 18:30:00, "...", 0, 0, 0
177, 05/17/2020, 18:40:00, "...", 0, 0, 0
176, 05/17/2020, 18:50:00, "...", 0, 0, 0
175, 05/17/2020, 19:00:00, "...", 0, 0, 0
174, 05/17/2020, 19:10:00, "...", 0, 0, 0
173, 05/17/2020, 19:20:00, "...", 0, 0, 0
172, 05/17/2020, 19:30:00, "...", 0, 0, 0
171, 05/17/2020, 19:40:00, "...", 0, 0, 0
170, 05/17/2020, 19:50:00, "...", 0, 0, 0
169, 05/17/2020, 20:00:00, "...", 0, 0, 0
168, 05/17/2020, 20:10:00, "...", 0, 0, 0
167, 05/17/2020, 20:20:00, "...", 0, 0, 0
166, 05/17/2020, 20:30:00, "...", 0, 0, 0
165, 05/17/2020, 20:40:00, "...", 0, 0, 0
164, 05/17/2020, 20:50:00, "...", 0, 0, 0
163, 05/17/2020, 21:00:00, "...", 0, 0, 0
162, 05/17/2020, 21:10:00, "...", 0, 0, 0
161, 05/17/2020, 21:20:00, "...", 0, 0, 0
160, 05/17/2020, 21:30:00, "...", 0, 0, 0
159, 05/17/2020, 21:40:00, "...", 0, 0, 0
158, 05/17/2020, 21:50:00, "...", 0, 0, 0
157, 05/17/2020, 22:00:00, "...", 0, 0, 0
156, 05/17/2020, 22:10:00, "...", 0, 0, 0
155, 05/17/2020, 22:20:00, "...", 0, 0, 0
154, 05/17/2020, 22:30:00, "...", 0, 0, 0
153, 05/17/2020, 22:40:00, "...", 0, 0, 0
152, 05/17/2020, 22:50:00, "...", 0, 0, 0
151, 05/17/2020, 23:00:00, "...", 0, 0, 0
150, 05/17/2020, 23:10:00, "...", 0, 0, 0
149, 05/17/2020, 23:20:00, "...", 0, 0, 0
148, 05/17/2020, 23:30:00, "...", 0, 0, 0
147, 05/17/2020, 23:40:00, "...", 0, 0, 0
146, 05/17/2020, 23:50:00, "...", 0, 0, 0
145, 05/18/2020, 00:00:00, "...", 0, 0, 0
144, 05/18/2020, 00:10:00, "...", 0, 0, 0
143, 05/18/2020, 00:20:00, "...", 0, 0, 0
142, 05/18/2020, 00:30:00, "...", 0, 0, 0
141, 05/18/2020, 00:40:00, "...", 0, 0, 0
140, 05/18/2020, 00:50:00, "...", 0, 0, 0
139, 05/18/2020, 01:00:00, "...", 0, 0, 0
138, 05/18/2020, 01:10:00, "...", 0, 0, 0
137, 05/18/2020, 01:20:00, "...", 0, 0, 0
136, 05/18/2020, 01:30:00, "...", 0, 0, 0
135, 05/18/2020, 01:40:00, "...", 0, 0, 0
134, 05/18/2020, 01:50:00, "...", 0, 0, 0
133, 05/18/2020, 02:00:00, "...", 0, 0, 0
132, 05/18/2020, 02:10:00, "...", 0, 0, 0
131, 05/18/2020, 02:20:00, "...", 0, 0, 0
130, 05/18/2020, 02:30:00, "...", 0, 0, 0
129, 05/18/2020, 02:40:00, "...", 0, 0, 0
128, 05/18/2020, 02:50:00, "...", 0, 0, 0
127, 05/18/2020, 03:00:00, "...", 0, 0, 0
126, 05/18/2020, 03:10:00, "...", 0, 0, 0
125, 05/18/2020, 03:20:00, "...", 0, 0, 0
124, 05/18/2020, 03:30:00, "...", 0, 0, 0
123, 05/18/2020, 03:40:00, "...", 0, 0, 0
122, 05/18/2020, 03:50:00, "...", 0, 0, 0
121, 05/18/2020, 04:00:00, "...", 0, 0, 0
120, 05/18/2020, 04:10:00, "...", 0, 0, 0
119, 05/18/2020, 04:20:00, "...", 0, 0, 0
118, 05/18/2020, 04:30:00, "...", 0, 0, 0
117, 05/18/2020, 04:40:00, "...", 0, 0, 0
116, 05/18/2020, 04:50:00, "...", 0, 0, 0
115, 05/18/2020, 05:00:00, "...", 0, 0, 0
114, 05/18/2020, 05:10:00, "...", 0, 0, 0
113, 05/18/2020, 05:20:00, "...", 0, 0, 0
112, 05/18/2020, 05:30:00, "...", 0, 0, 0
111, 05/18/2020, 05:40:00, "...", 0, 0, 0
110, 05/18/2020, 05:50:00, "...", 0, 0, 0
109, 05/18/2020, 06:00:00, "...", 0, 0, 0
108, 05/18/2020, 06:10:00, "...", 0, 0, 0
107, 05/18/2020, 06:20:00, "...", 0, 0, 0
106, 05/18/2020, 06:30:00, "...", 0, 0, 0
105, 05/18/2020, 06:40:00, "...", 0, 0, 0
104, 05/18/2020, 06:50:00, "...", 0, 0, 0
103, 05/18/2020, 07:00:00, "...", 0, 0, 0
102, 05/18/2020, 07:10:00, "...", 0, 0, 0
101, 05/18/2020, 07:20:00, "...", 0, 0, 0
100, 05/18/2020, 07:30:00, "...", 0, 0, 0
99, 05/18/2020, 07:40:00, "...", 0, 0, 0
98, 05/18/2020, 07:50:00, "...", 0, 0, 0
97, 05/18/2020, 08:00:00, "...", 0, 0, 0
96, 05/18/2020, 08:10:00, "...", 0, 0, 0
95, 05/18/2020, 08:20:00, "...", 0, 0, 0
94, 05/18/2020, 08:30:00, "...", 0, 0, 0
93, 05/18/2020, 08:40:00, "...", 0, 0, 0
92, 05/18/2020, 08:50:00, "...", 0, 0, 0
91, 05/18/2020, 09:00:00, "...", 0, 0, 0
90, 05/18/2020, 09:10:00, "...", 0, 0, 0
89, 05/18/2020, 09:20:00, "...", 0, 0, 0
88, 05/18/2020, 09:30:00, "...", 0, 0, 0
87, 05/18/2020, 09:40:00, "...", 0, 0, 0
86, 05/18/2020, 09:50:00, "...", 0, 0, 0
85, 05/18/2020, 10:00:00, "...", 0, 0, 0
84, 05/18/2020, 10:10:00, "...", 0, 0, 0
83, 05/18/2020, 10:20:00, "...", 0, 0, 0
82, 05/18/2020, 10:30:00, "...", 0, 0, 0
81, 05/18/2020, 10:40:00, "...", 0, 0, 0
80, 05/18/2020, 10:50:00, "...", 0, 0, 0
79, 05/18/2020, 11:00:00, "...", 0, 0, 0
78, 05/18/2020, 11:10:00, "...", 0, 0, 0
77, 05/18/2020, 11:20:00, "...", 0, 0, 0
76, 05/18/2020, 11:30:00, "...", 0, 0, 0
75, 05/18/2020, 11:40:00, "...", 0, 0, 0
74, 05/18/2020, 11:50:00, "...", 0, 0, 0
73, 05/18/2020, 12:00:00, "...", 0, 0, 0
72, 05/18/2020, 12:10:00, "...", 0, 0, 0
71, 05/18/2020, 12:20:00, "...", 0, 0, 0
70, 05/18/2020, 12:30:00, "...", 0, 0, 0
69, 05/18/2020, 12:40:00, "...", 0, 0, 0
68, 05/18/2020, 12:50:00, "...", 0, 0, 0
67, 05/18/2020, 13:00:00, "...", 0, 0, 0
66, 05/18/2020, 13:10:00, "...", 0, 0, 0
65, 05/18/2020, 13:20:00, "...", 0, 0, 0
64, 05/18/2020, 13:30:00, "...", 0, 0, 0
63, 05/18/2020, 13:40:00, "...", 0, 0, 0
62, 05/18/2020, 13:50:00, "...", 0, 0, 0
61, 05/18/2020, 14:00:00, "...", 0, 0, 0
60, 05/18/2020, 14:10:00, "...", 0, 0, 0
59, 05/18/2020, 14:20:00, "...", 0, 0, 0
58, 05/18/2020, 14:30:00, "...", 0, 0, 0
57, 05/18/2020, 14:40:00, "...", 0, 0, 0
56, 05/18/2020, 14:50:00, "...", 0, 0, 0
55, 05/18/2020, 15:00:00, "...", 0, 0, 0
54, 05/18/2020, 15:10:00, "...", 0, 0, 0
53, 05/18/2020, 15:20:00, "...", 0, 0, 0
52, 05/18/2020, 15:30:00, "...", 0, 0, 0
51, 05/18/2020, 15:40:00, "...", 0, 0, 0
50, 05/18/2020, 15:50:00, "...", 0, 0, 0
49, 05/18/2020, 16:00:00, "...", 0, 0, 0
48, 05/18/2020, 16:10:00, "...", 0, 0, 0
47, 05/18/2020, 16:20:00, "...", 0, 0, 0
46, 05/18/2020, 16:30:00, "...", 0, 0, 0
45, 05/18/2020, 16:40:00, "...", 0, 0, 0
44, 05/18/2020, 16:50:00, "...", 0, 0, 0
43, 05/18/2020, 17:00:00, "...", 0, 0, 0
42, 05/18/2020, 17:10:00, "...", 0, 0, 0
41, 05/18/2020, 17:20:00, "...", 0, 0, 0
40, 05/18/2020, 17:30:00, "...", 0, 0, 0
39, 05/18/2020, 17:40:00, "...", 0, 0, 0
38, 05/18/2020, 17:50:00, "...", 0, 0, 0
37, 05/18/2020, 18:00:00, "...", 0, 0, 0
36, 05/18/2020, 18:10:00, "...", 0, 0, 0
35, 05/18/2020, 18:20:00, "...", 0, 0, 0
34, 05/18/2020, 18:30:00, "...", 0, 0, 0
33, 05/18/2020, 18:40:00, "...", 0, 0, 0
32, 05/18/2020, 18:50:00, "...", 0, 0, 0
31, 05/18/2020, 19:00:00, "...", 0, 0, 0
30, 05/18/2020, 19:10:00, "...", 0, 0, 0
29, 05/18/2020, 19:20:00, "...", 0, 0, 0
28, 05/18/2020, 19:30:00, "...", 0, 0, 0
27, 05/18/2020, 19:40:00, "...", 0, 0, 0
26, 05/18/2020, 19:50:00, "...", 0, 0, 0
25, 05/18/2020, 20:00:00, "...", 0, 0, 0
24, 05/18/2020, 20:10:00, "...", 0, 0, 0
23, 05/18/2020, 20:20:00, "...", 0, 0, 0
22, 05/18/2020, 20:30:00, "...", 0, 0, 0
21, 05/18/2020, 20:40:00, "...", 0, 0, 0
20, 05/18/2020, 20:50:00, "...", 0, 0, 0
19, 05/18/2020, 21:00:00, "...", 0, 0, 0
18, 05/18/2020, 21:10:00, "...", 0, 0, 0
17, 05/18/2020, 21:20:00, "...", 0, 0, 0
16, 05/18/2020, 21:30:00, "...", 0, 0, 0
15, 05/18/2020, 21:40:00, "...", 0, 0, 0
14, 05/18/2020, 21:50:00, "...", 0, 0, 0
13, 05/18/2020, 22:00:00, "...", 0, 0, 0
12, 05/18/2020, 22:10:00, "...", 0, 0, 0
11, 05/18/2020, 22:20:00, "...", 0, 0, 0
10, 05/18/2020, 22:30:00, "...", 0, 0, 0
9, 05/18/2020, 22:40:00, "...", 0, 0, 0
8, 05/18/2020, 22:50:00, "...", 0, 0, 0
7, 05/18/2020, 23:00:00, "...", 0, 0, 0
6, 05/18/2020, 23:10:00, "...", 0, 0, 0
5, 05/18/2020, 23:20:00, "...", 0, 0, 0
4, 05/18/2020, 23:30:00, "...", 0, 0, 0
3, 05/18/2020, 23:40:00, "...", 0, 0, 0
2, 05/18/2020, 23:50:00, "...", 0, 0, 0
1, 05/19/2020, 00:00:00, "...", 0, 0, 0
