FileType, Version, Date, Time, ChartField, TimeSource, Recorder, Scale, Units, ChartSubType, BaseScaling
LDP, 1, 05/22/2020, 13:01:44, Record, Internal, 12, Unity, Primary, Unknown, Primary
RecNum, Date, Time, Phase, Status
-1, 1, 2, -1, 3
"I0_IMB"
4
DeviceID, FID, TID, Form, CTR, CTRN, PTR, LDAR
"EPSOL01", "SEL-735-R203-V0-Z101100-D20190828", "STATION A", 9, 200, 200, 1, 60
ChannelName, ChannelFunction, ChannelUnits, ChannelRule, ChannelMult, ChannelRollover, ChannelScale
"I0_IMB", AVG, "%", "1", 1, 999999999, 1
EventDate, EventTime, EventCode, EventDescription
12/23/2019, 08:56:39.717, X0002, "Power loss"
02/10/2020, 09:28:57.906, X0001, "Power restored"
02/10/2020, 09:51:13.189, X2048, "SALARM, Assert"
02/10/2020, 09:51:14.189, X1048, "SALARM, Deassert"
02/10/2020, 09:52:41.064, X0000, "Device settings changed"
02/10/2020, 09:52:41.389, X2048, "SALARM, Assert"
02/10/2020, 09:52:42.389, X1048, "SALARM, Deassert"
02/10/2020, 10:09:41.556, X2048, "SALARM, Assert"
02/10/2020, 10:09:42.556, X1048, "SALARM, Deassert"
02/10/2020, 10:10:12.681, X0000, "Device settings changed"
02/10/2020, 10:10:12.681, X0002, "Power loss"
02/10/2020, 10:10:16.953, X0001, "Power restored"
02/10/2020, 10:38:15.420, X2048, "SALARM, Assert"
02/10/2020, 10:38:16.420, X1048, "SALARM, Deassert"
02/10/2020, 10:38:21.011, X0000, "Device settings changed"
02/10/2020, 10:38:21.303, X2048, "SALARM, Assert"
02/10/2020, 10:38:22.303, X1048, "SALARM, Deassert"
02/10/2020, 10:46:30.136, X2048, "SALARM, Assert"
02/10/2020, 10:46:31.136, X1048, "SALARM, Deassert"
02/10/2020, 10:48:27.320, X0000, "Device settings changed"
02/10/2020, 10:48:27.686, X2048, "SALARM, Assert"
02/10/2020, 10:48:28.686, X1048, "SALARM, Deassert"
02/10/2020, 11:18:17.353, X2048, "SALARM, Assert"
02/10/2020, 11:18:18.353, X1048, "SALARM, Deassert"
02/10/2020, 11:18:23.144, X0000, "Device settings changed"
02/10/2020, 11:18:23.478, X2048, "SALARM, Assert"
02/10/2020, 11:18:24.478, X1048, "SALARM, Deassert"
02/10/2020, 12:39:03.202, X0002, "Power loss"
02/11/2020, 07:41:22.865, X0001, "Power restored"
02/11/2020, 09:28:12.115, X0002, "Power loss"
02/11/2020, 09:28:22.373, X0001, "Power restored"
02/11/2020, 10:53:36.223, X0002, "Power loss"
02/12/2020, 11:01:46.573, X0001, "Power restored"
02/12/2020, 13:52:00.223, X0002, "Power loss"
02/13/2020, 09:01:16.079, X0001, "Power restored"
02/13/2020, 11:08:38.645, X2048, "SALARM, Assert"
02/13/2020, 11:08:39.645, X1048, "SALARM, Deassert"
02/13/2020, 11:10:00.528, X0000, "Device settings changed"
02/13/2020, 11:10:02.245, X2048, "SALARM, Assert"
02/13/2020, 11:10:03.245, X1048, "SALARM, Deassert"
02/13/2020, 11:10:09.128, X0002, "Power loss"
02/13/2020, 11:10:11.522, X0001, "Power restored"
02/13/2020, 12:33:42.164, X0002, "Power loss"
02/18/2020, 08:17:02.517, X0001, "Power restored"
02/18/2020, 08:33:04.975, X2048, "SALARM, Assert"
02/18/2020, 08:33:05.975, X1048, "SALARM, Deassert"
02/18/2020, 08:33:09.783, X0000, "Device settings changed"
02/18/2020, 08:33:10.100, X2048, "SALARM, Assert"
02/18/2020, 08:33:11.100, X1048, "SALARM, Deassert"
02/18/2020, 08:33:18.850, X0000, "Device settings changed"
02/18/2020, 08:33:18.850, X2048, "SALARM, Assert"
02/18/2020, 08:33:19.850, X1048, "SALARM, Deassert"
02/18/2020, 08:45:13.548, X0002, "Power loss"
02/18/2020, 08:45:17.306, X0001, "Power restored"
02/18/2020, 08:45:17.356, X0002, "Power loss"
02/18/2020, 08:45:27.322, X0001, "Power restored"
02/18/2020, 09:07:58.180, X2048, "SALARM, Assert"
02/18/2020, 09:07:59.180, X1048, "SALARM, Deassert"
02/18/2020, 09:08:03.797, X0000, "Device settings changed"
02/18/2020, 09:08:04.072, X2048, "SALARM, Assert"
02/18/2020, 09:08:05.072, X1048, "SALARM, Deassert"
02/18/2020, 09:17:14.430, X2048, "SALARM, Assert"
02/18/2020, 09:17:15.430, X1048, "SALARM, Deassert"
02/18/2020, 09:17:39.213, X0000, "Device settings changed"
02/18/2020, 09:17:40.897, X2048, "SALARM, Assert"
02/18/2020, 09:17:41.897, X1048, "SALARM, Deassert"
02/18/2020, 09:17:45.163, X0002, "Power loss"
02/18/2020, 09:17:50.177, X0001, "Power restored"
02/18/2020, 09:18:06.894, X2048, "SALARM, Assert"
02/18/2020, 09:18:07.894, X1048, "SALARM, Deassert"
02/18/2020, 09:18:35.477, X2048, "SALARM, Assert"
02/18/2020, 09:18:36.477, X1048, "SALARM, Deassert"
02/18/2020, 09:24:59.511, X2048, "SALARM, Assert"
02/18/2020, 09:25:00.511, X1048, "SALARM, Deassert"
02/18/2020, 09:25:17.511, X0000, "Device settings changed"
02/18/2020, 09:25:17.511, X2048, "SALARM, Assert"
02/18/2020, 09:25:18.511, X1048, "SALARM, Deassert"
02/18/2020, 09:26:32.644, X2048, "SALARM, Assert"
02/18/2020, 09:26:33.644, X1048, "SALARM, Deassert"
02/18/2020, 09:26:37.461, X0000, "Device settings changed"
02/18/2020, 09:26:37.744, X2048, "SALARM, Assert"
02/18/2020, 09:26:38.744, X1048, "SALARM, Deassert"
02/18/2020, 09:26:46.936, X0000, "Device settings changed"
02/18/2020, 09:26:46.936, X2048, "SALARM, Assert"
02/18/2020, 09:26:47.936, X1048, "SALARM, Deassert"
02/18/2020, 09:35:39.511, X2048, "SALARM, Assert"
02/18/2020, 09:35:40.511, X1048, "SALARM, Deassert"
02/18/2020, 09:35:44.369, X0000, "Device settings changed"
02/18/2020, 09:35:44.702, X2048, "SALARM, Assert"
02/18/2020, 09:35:45.702, X1048, "SALARM, Deassert"
02/18/2020, 09:35:53.244, X0000, "Device settings changed"
02/18/2020, 09:35:53.244, X2048, "SALARM, Assert"
02/18/2020, 09:35:54.244, X1048, "SALARM, Deassert"
02/18/2020, 09:41:00.961, X2048, "SALARM, Assert"
02/18/2020, 09:41:01.961, X1048, "SALARM, Deassert"
02/18/2020, 09:41:06.077, X0000, "Device settings changed"
02/18/2020, 09:41:06.461, X2048, "SALARM, Assert"
02/18/2020, 09:41:07.461, X1048, "SALARM, Deassert"
02/18/2020, 09:46:09.827, X2048, "SALARM, Assert"
02/18/2020, 09:46:10.827, X1048, "SALARM, Deassert"
02/18/2020, 09:46:17.477, X0000, "Device settings changed"
02/18/2020, 09:46:17.769, X2048, "SALARM, Assert"
02/18/2020, 09:46:18.769, X1048, "SALARM, Deassert"
02/18/2020, 10:10:01.227, X2048, "SALARM, Assert"
02/18/2020, 10:10:02.227, X1048, "SALARM, Deassert"
02/18/2020, 10:10:05.977, X0000, "Device settings changed"
02/18/2020, 10:10:06.319, X2048, "SALARM, Assert"
02/18/2020, 10:10:07.319, X1048, "SALARM, Deassert"
02/18/2020, 10:10:14.769, X0000, "Device settings changed"
02/18/2020, 10:10:14.769, X2048, "SALARM, Assert"
02/18/2020, 10:10:15.769, X1048, "SALARM, Deassert"
02/18/2020, 10:13:47.969, X2048, "SALARM, Assert"
02/18/2020, 10:13:48.969, X1048, "SALARM, Deassert"
02/18/2020, 10:13:52.844, X0000, "Device settings changed"
02/18/2020, 10:13:53.144, X2048, "SALARM, Assert"
02/18/2020, 10:13:54.144, X1048, "SALARM, Deassert"
02/18/2020, 10:14:02.702, X0000, "Device settings changed"
02/18/2020, 10:14:02.702, X2048, "SALARM, Assert"
02/18/2020, 10:14:03.702, X1048, "SALARM, Deassert"
02/18/2020, 12:32:03.227, X0002, "Power loss"
02/28/2020, 12:20:10.513, X0001, "Power restored"
02/28/2020, 14:11:03.162, X0002, "Power loss"
03/02/2020, 11:53:31.878, X0001, "Power restored"
03/02/2020, 12:09:51.661, X0002, "Power loss"
03/02/2020, 12:12:27.150, X0001, "Power restored"
03/02/2020, 12:40:21.199, X0002, "Power loss"
03/02/2020, 12:47:43.446, X0001, "Power restored"
03/02/2020, 12:49:41.580, X2048, "SALARM, Assert"
03/02/2020, 12:49:42.580, X1048, "SALARM, Deassert"
03/02/2020, 14:05:39.088, X0002, "Power loss"
03/06/2020, 09:19:01.516, X0001, "Power restored"
03/06/2020, 10:32:19.841, X2048, "SALARM, Assert"
03/06/2020, 10:32:20.841, X1048, "SALARM, Deassert"
03/06/2020, 10:32:24.616, X0000, "Device settings changed"
03/06/2020, 10:32:24.633, X2048, "SALARM, Assert"
03/06/2020, 10:32:25.633, X1048, "SALARM, Deassert"
03/06/2020, 10:37:00.166, X0002, "Power loss"
03/06/2020, 10:37:13.589, X0001, "Power restored"
03/06/2020, 10:37:20.231, X0002, "Power loss"
03/06/2020, 10:44:54.936, X0001, "Power restored"
03/06/2020, 10:44:55.811, X0002, "Power loss"
03/06/2020, 10:45:07.952, X0001, "Power restored"
03/06/2020, 10:45:18.211, X2032, "SSI_EVE, Assert"
03/06/2020, 10:46:37.567, X2048, "SALARM, Assert"
03/06/2020, 10:46:38.566, X1048, "SALARM, Deassert"
03/06/2020, 10:47:26.083, X0002, "Power loss"
03/06/2020, 10:48:12.452, X0001, "Power restored"
03/06/2020, 10:48:22.719, X2032, "SSI_EVE, Assert"
03/06/2020, 11:04:17.622, X2048, "SALARM, Assert"
03/06/2020, 11:04:18.621, X1048, "SALARM, Deassert"
03/06/2020, 11:06:33.947, X2048, "SALARM, Assert"
03/06/2020, 11:06:34.947, X1048, "SALARM, Deassert"
03/06/2020, 11:16:57.480, X2048, "SALARM, Assert"
03/06/2020, 11:16:58.480, X1048, "SALARM, Deassert"
03/06/2020, 14:36:03.113, X0002, "Power loss"
03/09/2020, 14:54:15.248, X0001, "Power restored"
03/09/2020, 14:54:25.506, X2032, "SSI_EVE, Assert"
03/09/2020, 14:55:25.983, X0002, "Power loss"
03/09/2020, 14:55:29.114, X0001, "Power restored"
03/09/2020, 14:55:29.964, X0002, "Power loss"
03/09/2020, 14:55:34.846, X0001, "Power restored"
03/09/2020, 14:55:34.904, X0002, "Power loss"
03/09/2020, 14:56:09.495, X0001, "Power restored"
03/09/2020, 14:56:19.762, X2032, "SSI_EVE, Assert"
03/09/2020, 15:10:22.518, X0002, "Power loss"
03/09/2020, 15:12:11.469, X0001, "Power restored"
03/09/2020, 15:12:21.727, X2032, "SSI_EVE, Assert"
03/09/2020, 15:13:39.939, X2048, "SALARM, Assert"
03/09/2020, 15:13:40.939, X1048, "SALARM, Deassert"
03/09/2020, 15:23:13.338, X0002, "Power loss"
03/09/2020, 15:23:26.584, X0001, "Power restored"
03/09/2020, 15:23:36.842, X2032, "SSI_EVE, Assert"
03/09/2020, 15:31:31.918, X0002, "Power loss"
03/09/2020, 15:33:20.748, X0001, "Power restored"
03/09/2020, 15:33:31.007, X2032, "SSI_EVE, Assert"
03/09/2020, 15:39:42.080, X1032, "SSI_EVE, Deassert"
03/09/2020, 15:39:42.239, X2032, "SSI_EVE, Assert"
03/09/2020, 15:39:42.289, X1032, "SSI_EVE, Deassert"
03/09/2020, 15:39:42.297, X2032, "SSI_EVE, Assert"
03/09/2020, 15:39:42.305, X1032, "SSI_EVE, Deassert"
03/09/2020, 15:39:42.314, X2032, "SSI_EVE, Assert"
03/09/2020, 15:39:42.322, X1032, "SSI_EVE, Deassert"
03/09/2020, 15:39:42.330, X2032, "SSI_EVE, Assert"
03/09/2020, 15:39:42.339, X1032, "SSI_EVE, Deassert"
03/09/2020, 15:39:42.347, X2032, "SSI_EVE, Assert"
03/09/2020, 15:39:42.355, X1032, "SSI_EVE, Deassert"
03/09/2020, 15:39:42.364, X2032, "SSI_EVE, Assert"
03/09/2020, 15:39:42.372, X1032, "SSI_EVE, Deassert"
03/09/2020, 15:39:42.380, X2032, "SSI_EVE, Assert"
03/09/2020, 15:39:42.389, X1032, "SSI_EVE, Deassert"
03/09/2020, 15:39:42.397, X2032, "SSI_EVE, Assert"
03/09/2020, 15:39:42.405, X1032, "SSI_EVE, Deassert"
03/09/2020, 15:39:42.414, X2032, "SSI_EVE, Assert"
03/09/2020, 15:39:42.480, X0002, "Power loss"
03/09/2020, 15:39:57.752, X0001, "Power restored"
03/09/2020, 15:40:08.019, X2032, "SSI_EVE, Assert"
03/10/2020, 08:54:25.708, X2048, "SALARM, Assert"
03/10/2020, 08:54:26.708, X1048, "SALARM, Deassert"
03/11/2020, 11:21:27.661, X1032, "SSI_EVE, Deassert"
03/11/2020, 11:21:27.669, X2032, "SSI_EVE, Assert"
03/11/2020, 11:21:29.935, X1032, "SSI_EVE, Deassert"
03/11/2020, 11:21:29.943, X2032, "SSI_EVE, Assert"
03/11/2020, 11:21:29.951, X1032, "SSI_EVE, Deassert"
03/11/2020, 11:21:29.960, X2032, "SSI_EVE, Assert"
03/11/2020, 11:21:29.968, X1032, "SSI_EVE, Deassert"
03/11/2020, 11:21:29.976, X2032, "SSI_EVE, Assert"
03/11/2020, 11:21:30.351, X1032, "SSI_EVE, Deassert"
03/11/2020, 11:21:30.476, X0002, "Power loss"
03/11/2020, 11:23:30.309, X0001, "Power restored"
03/11/2020, 11:23:40.576, X2032, "SSI_EVE, Assert"
03/11/2020, 11:24:45.636, X1032, "SSI_EVE, Deassert"
03/11/2020, 11:24:45.644, X2032, "SSI_EVE, Assert"
03/11/2020, 11:24:45.652, X1032, "SSI_EVE, Deassert"
03/11/2020, 11:24:45.660, X2032, "SSI_EVE, Assert"
03/11/2020, 11:24:45.669, X1032, "SSI_EVE, Deassert"
03/11/2020, 11:24:45.677, X2032, "SSI_EVE, Assert"
03/11/2020, 11:24:45.685, X1032, "SSI_EVE, Deassert"
03/11/2020, 11:24:45.694, X2032, "SSI_EVE, Assert"
03/11/2020, 11:24:45.702, X1032, "SSI_EVE, Deassert"
03/11/2020, 11:24:45.710, X2032, "SSI_EVE, Assert"
03/11/2020, 11:24:45.719, X1032, "SSI_EVE, Deassert"
03/11/2020, 11:24:45.727, X2032, "SSI_EVE, Assert"
03/11/2020, 11:24:45.735, X1032, "SSI_EVE, Deassert"
03/11/2020, 11:24:45.744, X2032, "SSI_EVE, Assert"
03/11/2020, 11:24:45.752, X1032, "SSI_EVE, Deassert"
03/11/2020, 11:24:45.760, X2032, "SSI_EVE, Assert"
03/11/2020, 11:24:45.769, X1032, "SSI_EVE, Deassert"
03/11/2020, 11:24:45.777, X2032, "SSI_EVE, Assert"
03/11/2020, 11:24:45.785, X1032, "SSI_EVE, Deassert"
03/11/2020, 11:24:45.794, X2032, "SSI_EVE, Assert"
03/11/2020, 11:24:45.802, X1032, "SSI_EVE, Deassert"
03/11/2020, 11:24:45.810, X2032, "SSI_EVE, Assert"
03/11/2020, 11:24:45.819, X1032, "SSI_EVE, Deassert"
03/11/2020, 11:24:45.827, X2032, "SSI_EVE, Assert"
03/11/2020, 11:24:45.835, X1032, "SSI_EVE, Deassert"
03/11/2020, 11:24:45.844, X2032, "SSI_EVE, Assert"
03/11/2020, 11:24:45.852, X1032, "SSI_EVE, Deassert"
03/11/2020, 11:24:45.860, X2032, "SSI_EVE, Assert"
03/11/2020, 11:24:45.869, X1032, "SSI_EVE, Deassert"
03/11/2020, 11:24:45.877, X2032, "SSI_EVE, Assert"
03/11/2020, 11:24:45.877, X0002, "Power loss"
03/11/2020, 11:27:47.762, X0001, "Power restored"
03/11/2020, 11:27:58.028, X2032, "SSI_EVE, Assert"
03/11/2020, 11:30:50.606, X1032, "SSI_EVE, Deassert"
03/11/2020, 11:30:50.748, X0002, "Power loss"
03/11/2020, 13:26:34.314, X0001, "Power restored"
03/11/2020, 13:26:44.573, X2032, "SSI_EVE, Assert"
03/11/2020, 14:55:31.173, X0002, "Power loss"
03/11/2020, 14:55:35.691, X0001, "Power restored"
03/11/2020, 14:55:45.750, X2032, "SSI_EVE, Assert"
03/12/2020, 08:24:07.708, X0002, "Power loss"
03/12/2020, 10:11:23.922, X0001, "Power restored"
03/12/2020, 10:24:00.172, X0002, "Power loss"
03/31/2020, 07:17:58.290, X0001, "Power restored"
03/31/2020, 09:47:36.540, X2048, "SALARM, Assert"
03/31/2020, 09:47:37.540, X1048, "SALARM, Deassert"
03/31/2020, 09:47:47.773, X0000, "Device settings changed"
03/31/2020, 09:47:47.790, X2048, "SALARM, Assert"
03/31/2020, 09:47:48.790, X1048, "SALARM, Deassert"
03/31/2020, 10:26:41.540, X2048, "SALARM, Assert"
03/31/2020, 10:26:42.540, X1048, "SALARM, Deassert"
03/31/2020, 10:26:47.740, X0000, "Device settings changed"
03/31/2020, 10:26:48.190, X2048, "SALARM, Assert"
03/31/2020, 10:26:49.190, X1048, "SALARM, Deassert"
03/31/2020, 11:24:11.806, X0002, "Power loss"
03/31/2020, 11:52:29.879, X0001, "Power restored"
03/31/2020, 11:53:27.337, X2032, "SSI_EVE, Assert"
04/01/2020, 09:43:59.741, X2048, "SALARM, Assert"
04/01/2020, 09:44:00.741, X1048, "SALARM, Deassert"
04/01/2020, 09:44:04.667, X0000, "Device settings changed"
04/01/2020, 09:44:04.993, X2048, "SALARM, Assert"
04/01/2020, 09:44:05.993, X1048, "SALARM, Deassert"
04/01/2020, 11:38:13.287, X0002, "Power loss"
04/01/2020, 11:38:33.685, X0001, "Power restored"
04/01/2020, 11:38:43.743, X2032, "SSI_EVE, Assert"
04/01/2020, 12:27:21.472, X1032, "SSI_EVE, Deassert"
04/01/2020, 12:27:21.656, X2032, "SSI_EVE, Assert"
04/01/2020, 12:27:21.839, X1032, "SSI_EVE, Deassert"
04/01/2020, 12:27:21.939, X2032, "SSI_EVE, Assert"
04/01/2020, 12:27:22.406, X1032, "SSI_EVE, Deassert"
04/01/2020, 12:27:22.647, X2032, "SSI_EVE, Assert"
04/01/2020, 12:27:22.747, X1032, "SSI_EVE, Deassert"
04/01/2020, 12:27:22.922, X2032, "SSI_EVE, Assert"
04/01/2020, 12:27:22.964, X1032, "SSI_EVE, Deassert"
04/01/2020, 12:27:23.172, X2032, "SSI_EVE, Assert"
04/01/2020, 12:27:56.087, X1032, "SSI_EVE, Deassert"
04/01/2020, 13:21:24.921, X2032, "SSI_EVE, Assert"
04/01/2020, 13:21:25.046, X1032, "SSI_EVE, Deassert"
04/01/2020, 14:03:39.281, X0002, "Power loss"
04/02/2020, 09:48:56.061, X0001, "Power restored"
04/02/2020, 11:44:52.569, X0002, "Power loss"
04/02/2020, 12:03:50.887, X0001, "Power restored"
04/02/2020, 12:04:01.145, X2032, "SSI_EVE, Assert"
04/02/2020, 12:10:12.072, X2048, "SALARM, Assert"
04/02/2020, 12:10:13.036, X1048, "SALARM, Deassert"
04/02/2020, 12:10:47.575, X0000, "Device settings changed"
04/02/2020, 12:10:49.666, X2048, "SALARM, Assert"
04/02/2020, 12:10:50.628, X1048, "SALARM, Deassert"
04/02/2020, 12:10:50.628, X0002, "Power loss"
04/02/2020, 12:10:58.882, X0001, "Power restored"
04/02/2020, 12:11:19.198, X2032, "SSI_EVE, Assert"
04/02/2020, 12:11:36.189, X2048, "SALARM, Assert"
04/02/2020, 12:11:37.154, X1048, "SALARM, Deassert"
04/02/2020, 12:14:13.156, X1032, "SSI_EVE, Deassert"
04/02/2020, 12:14:13.164, X2032, "SSI_EVE, Assert"
04/02/2020, 12:16:06.620, X2048, "SALARM, Assert"
04/02/2020, 12:16:07.578, X1048, "SALARM, Deassert"
04/02/2020, 12:16:25.518, X0000, "Device settings changed"
04/02/2020, 12:16:25.814, X2048, "SALARM, Assert"
04/02/2020, 12:16:26.774, X1048, "SALARM, Deassert"
04/02/2020, 12:16:34.452, X0000, "Device settings changed"
04/02/2020, 12:16:34.820, X2048, "SALARM, Assert"
04/02/2020, 12:16:35.780, X1048, "SALARM, Deassert"
04/02/2020, 12:16:42.518, X0000, "Device settings changed"
04/02/2020, 12:16:42.837, X2048, "SALARM, Assert"
04/02/2020, 12:16:43.796, X1048, "SALARM, Deassert"
04/02/2020, 12:19:40.843, X2048, "SALARM, Assert"
04/02/2020, 12:19:41.800, X1048, "SALARM, Deassert"
04/02/2020, 12:22:31.051, X2048, "SALARM, Assert"
04/02/2020, 12:22:32.008, X1048, "SALARM, Deassert"
04/02/2020, 12:23:01.183, X0000, "Device settings changed"
04/02/2020, 12:23:03.195, X2048, "SALARM, Assert"
04/02/2020, 12:23:04.153, X1048, "SALARM, Deassert"
04/02/2020, 12:23:04.153, X0002, "Power loss"
04/02/2020, 12:23:12.476, X0001, "Power restored"
04/02/2020, 12:23:39.916, X2032, "SSI_EVE, Assert"
04/02/2020, 12:35:21.499, X2048, "SALARM, Assert"
04/02/2020, 12:35:22.454, X1048, "SALARM, Deassert"
04/02/2020, 12:35:27.491, X0000, "Device settings changed"
04/02/2020, 12:35:27.833, X2048, "SALARM, Assert"
04/02/2020, 12:35:28.788, X1048, "SALARM, Deassert"
04/02/2020, 14:04:17.998, X0002, "Power loss"
04/17/2020, 08:01:34.306, X0001, "Power restored"
04/17/2020, 08:05:59.389, X2048, "SALARM, Assert"
04/17/2020, 08:06:00.389, X1048, "SALARM, Deassert"
04/17/2020, 08:07:07.014, X0000, "Device settings changed"
04/17/2020, 08:07:07.014, X0002, "Power loss"
04/17/2020, 08:07:10.223, X0001, "Power restored"
04/17/2020, 08:11:20.981, X2048, "SALARM, Assert"
04/17/2020, 08:11:21.981, X1048, "SALARM, Deassert"
04/17/2020, 08:11:37.681, X0000, "Device settings changed"
04/17/2020, 08:11:37.681, X0002, "Power loss"
04/17/2020, 08:11:40.898, X0001, "Power restored"
04/17/2020, 08:23:04.631, X2048, "SALARM, Assert"
04/17/2020, 08:23:05.631, X1048, "SALARM, Deassert"
04/17/2020, 08:23:58.231, X0000, "Device settings changed"
04/17/2020, 08:23:58.231, X0002, "Power loss"
04/17/2020, 08:24:01.447, X0001, "Power restored"
04/17/2020, 08:43:00.647, X2048, "SALARM, Assert"
04/17/2020, 08:43:01.647, X1048, "SALARM, Deassert"
04/17/2020, 08:45:25.164, X0000, "Device settings changed"
04/17/2020, 08:45:25.164, X0002, "Power loss"
04/17/2020, 08:45:28.380, X0001, "Power restored"
04/17/2020, 08:54:39.830, X2048, "SALARM, Assert"
04/17/2020, 08:54:40.830, X1048, "SALARM, Deassert"
04/17/2020, 08:54:53.763, X0000, "Device settings changed"
04/17/2020, 08:55:00.246, X0002, "Power loss"
04/17/2020, 08:55:02.971, X0001, "Power restored"
04/17/2020, 09:22:19.888, X2048, "SALARM, Assert"
04/17/2020, 09:22:20.888, X1048, "SALARM, Deassert"
04/17/2020, 09:24:51.055, X0000, "Device settings changed"
04/17/2020, 09:24:51.288, X2048, "SALARM, Assert"
04/17/2020, 09:24:52.288, X1048, "SALARM, Deassert"
04/17/2020, 10:32:40.504, X0002, "Power loss"
05/12/2020, 19:43:53.560, X0001, "Power restored"
05/13/2020, 18:32:14.629, X2048, "SALARM, Assert"
05/13/2020, 18:32:15.629, X1048, "SALARM, Deassert"
05/13/2020, 18:48:28.429, X2048, "SALARM, Assert"
05/13/2020, 18:48:29.429, X1048, "SALARM, Deassert"
05/13/2020, 18:48:48.670, X0000, "Device settings changed"
05/13/2020, 18:48:48.670, X0002, "Power loss"
05/13/2020, 18:48:58.879, X0001, "Power restored"
05/13/2020, 18:51:00.604, X2048, "SALARM, Assert"
05/13/2020, 18:51:01.604, X1048, "SALARM, Deassert"
05/13/2020, 18:54:16.387, X2048, "SALARM, Assert"
05/13/2020, 18:54:17.387, X1048, "SALARM, Deassert"
05/13/2020, 18:58:53.862, X2048, "SALARM, Assert"
05/13/2020, 18:58:54.862, X1048, "SALARM, Deassert"
05/13/2020, 19:00:19.946, X2048, "SALARM, Assert"
05/13/2020, 19:00:20.946, X1048, "SALARM, Deassert"
05/13/2020, 19:01:16.654, X2048, "SALARM, Assert"
05/13/2020, 19:01:17.654, X1048, "SALARM, Deassert"
05/13/2020, 19:04:08.979, X2048, "SALARM, Assert"
05/13/2020, 19:04:09.979, X1048, "SALARM, Deassert"
05/13/2020, 19:08:28.062, X2048, "SALARM, Assert"
05/13/2020, 19:08:29.062, X1048, "SALARM, Deassert"
05/13/2020, 19:08:39.162, X0000, "Device settings changed"
05/13/2020, 19:08:39.162, X0002, "Power loss"
05/13/2020, 19:08:48.377, X0001, "Power restored"
05/13/2020, 19:16:42.510, X2048, "SALARM, Assert"
05/13/2020, 19:16:43.510, X1048, "SALARM, Deassert"
05/13/2020, 19:20:41.151, X2048, "SALARM, Assert"
05/13/2020, 19:20:42.151, X1048, "SALARM, Deassert"
05/13/2020, 19:29:23.126, X2048, "SALARM, Assert"
05/13/2020, 19:29:24.126, X1048, "SALARM, Deassert"
05/13/2020, 19:29:38.760, X2048, "SALARM, Assert"
05/13/2020, 19:29:39.760, X1048, "SALARM, Deassert"
05/13/2020, 19:30:32.943, X2048, "SALARM, Assert"
05/13/2020, 19:30:33.943, X1048, "SALARM, Deassert"
05/13/2020, 19:31:19.343, X2048, "SALARM, Assert"
05/13/2020, 19:31:20.343, X1048, "SALARM, Deassert"
05/13/2020, 19:31:44.026, X2048, "SALARM, Assert"
05/13/2020, 19:31:45.026, X1048, "SALARM, Deassert"
05/13/2020, 19:31:53.426, X2048, "SALARM, Assert"
05/13/2020, 19:31:54.426, X1048, "SALARM, Deassert"
05/13/2020, 19:32:35.226, X2048, "SALARM, Assert"
05/13/2020, 19:32:36.226, X1048, "SALARM, Deassert"
05/13/2020, 19:32:55.343, X2048, "SALARM, Assert"
05/13/2020, 19:32:56.343, X1048, "SALARM, Deassert"
05/13/2020, 19:34:08.326, X2048, "SALARM, Assert"
05/13/2020, 19:34:09.326, X1048, "SALARM, Deassert"
05/13/2020, 19:34:29.118, X2048, "SALARM, Assert"
05/13/2020, 19:34:30.118, X1048, "SALARM, Deassert"
05/13/2020, 19:34:33.360, X2048, "SALARM, Assert"
05/13/2020, 19:34:34.360, X1048, "SALARM, Deassert"
05/13/2020, 19:35:39.718, X2048, "SALARM, Assert"
05/13/2020, 19:35:40.718, X1048, "SALARM, Deassert"
05/13/2020, 19:37:37.101, X2048, "SALARM, Assert"
05/13/2020, 19:37:38.101, X1048, "SALARM, Deassert"
05/13/2020, 19:37:52.501, X2048, "SALARM, Assert"
05/13/2020, 19:37:53.501, X1048, "SALARM, Deassert"
05/14/2020, 20:38:43.487, X2048, "SALARM, Assert"
05/14/2020, 20:38:44.487, X1048, "SALARM, Deassert"
05/14/2020, 20:39:23.504, X2048, "SALARM, Assert"
05/14/2020, 20:39:24.504, X1048, "SALARM, Deassert"
05/15/2020, 12:38:29.349, X2048, "SALARM, Assert"
05/15/2020, 12:38:30.349, X1048, "SALARM, Deassert"
05/15/2020, 12:38:56.016, X2048, "SALARM, Assert"
05/15/2020, 12:38:57.016, X1048, "SALARM, Deassert"
05/15/2020, 12:39:06.616, X2048, "SALARM, Assert"
05/15/2020, 12:39:07.616, X1048, "SALARM, Deassert"
05/15/2020, 12:40:00.649, X2048, "SALARM, Assert"
05/15/2020, 12:40:01.649, X1048, "SALARM, Deassert"
05/15/2020, 12:42:48.666, X2048, "SALARM, Assert"
05/15/2020, 12:42:49.666, X1048, "SALARM, Deassert"
05/20/2020, 11:53:17.650, X2048, "SALARM, Assert"
05/20/2020, 11:53:18.650, X1048, "SALARM, Deassert"
05/20/2020, 11:53:31.692, X2048, "SALARM, Assert"
05/20/2020, 11:53:32.692, X1048, "SALARM, Deassert"
05/20/2020, 12:02:20.250, X2048, "SALARM, Assert"
05/20/2020, 12:02:21.250, X1048, "SALARM, Deassert"
05/20/2020, 15:04:00.008, X0003, "Time change (manual set occurred)"
05/20/2020, 15:06:04.483, X2048, "SALARM, Assert"
05/20/2020, 15:06:05.483, X1048, "SALARM, Deassert"
05/20/2020, 15:06:08.075, X2048, "SALARM, Assert"
05/20/2020, 15:06:09.075, X1048, "SALARM, Deassert"
05/20/2020, 15:13:11.633, X2048, "SALARM, Assert"
05/20/2020, 15:13:12.633, X1048, "SALARM, Deassert"
05/22/2020, 06:35:28.989, X0002, "Power loss"
05/22/2020, 06:35:39.325, X0001, "Power restored"
Record, Date, Time, Status, "I0_IMB"
1235, 04/01/2020, 00:01:00, "...", 0
1234, 04/01/2020, 00:02:00, "...", 0
1233, 04/01/2020, 00:03:00, "...", 0
1232, 04/01/2020, 00:04:00, "...", 0
1231, 04/01/2020, 00:05:00, "...", 0
1230, 04/01/2020, 00:06:00, "...", 0
1229, 04/01/2020, 00:07:00, "...", 0
1228, 04/01/2020, 00:08:00, "...", 0
1227, 04/01/2020, 00:09:00, "...", 0
1226, 04/01/2020, 00:10:00, "...", 0
1225, 04/01/2020, 00:11:00, "...", 0
1224, 04/01/2020, 00:12:00, "...", 0
1223, 04/01/2020, 00:13:00, "...", 0
1222, 04/01/2020, 00:14:00, "...", 0
1221, 04/01/2020, 00:15:00, "...", 0
1220, 04/01/2020, 00:16:00, "...", 0
1219, 04/01/2020, 00:17:00, "...", 0
1218, 04/01/2020, 00:18:00, "...", 0
1217, 04/01/2020, 00:19:00, "...", 0
1216, 04/01/2020, 00:20:00, "...", 0
1215, 04/01/2020, 00:21:00, "...", 0
1214, 04/01/2020, 00:22:00, "...", 0
1213, 04/01/2020, 00:23:00, "...", 0
1212, 04/01/2020, 00:24:00, "...", 0
1211, 04/01/2020, 00:25:00, "...", 0
1210, 04/01/2020, 00:26:00, "...", 0
1209, 04/01/2020, 00:27:00, "...", 0
1208, 04/01/2020, 00:28:00, "...", 0
1207, 04/01/2020, 00:29:00, "...", 0
1206, 04/01/2020, 00:30:00, "...", 0
1205, 04/01/2020, 00:31:00, "...", 0
1204, 04/01/2020, 00:32:00, "...", 0
1203, 04/01/2020, 00:33:00, "...", 0
1202, 04/01/2020, 00:34:00, "...", 0
1201, 04/01/2020, 00:35:00, "...", 0
1200, 04/01/2020, 00:36:00, "...", 0
1199, 04/01/2020, 00:37:00, "...", 0
1198, 04/01/2020, 00:38:00, "...", 0
1197, 04/01/2020, 00:39:00, "...", 0
1196, 04/01/2020, 00:40:00, "...", 0
1195, 04/01/2020, 00:41:00, "...", 0.66445184
1194, 04/01/2020, 00:42:00, "...", 0
1193, 04/01/2020, 00:43:00, "...", 0
1192, 04/01/2020, 00:44:00, "...", 0
1191, 04/01/2020, 00:45:00, "...", 0
1190, 04/01/2020, 00:46:00, "...", 0
1189, 04/01/2020, 00:47:00, "...", 0
1188, 04/01/2020, 00:48:00, "...", 0
1187, 04/01/2020, 00:49:00, "...", 0
1186, 04/01/2020, 00:50:00, "...", 0
1185, 04/01/2020, 00:51:00, "...", 0
1184, 04/01/2020, 00:52:00, "...", 0
1183, 04/01/2020, 00:53:00, "...", 0
1182, 04/01/2020, 00:54:00, "...", 0
1181, 04/01/2020, 00:55:00, "...", 0
1180, 04/01/2020, 00:56:00, "...", 0
1179, 04/01/2020, 00:57:00, "...", 0
1178, 04/01/2020, 00:58:00, "...", 0
1177, 04/01/2020, 00:59:00, "...", 0
1176, 04/01/2020, 01:00:00, "...", 0
1175, 04/01/2020, 01:01:00, "...", 0
1174, 04/01/2020, 01:02:00, "...", 0
1173, 04/01/2020, 01:03:00, "...", 0
1172, 04/01/2020, 01:04:00, "...", 0
1171, 04/01/2020, 01:05:00, "...", 0
1170, 04/01/2020, 01:06:00, "...", 0
1169, 04/01/2020, 01:07:00, "...", 0
1168, 04/01/2020, 01:08:00, "...", 0
1167, 04/01/2020, 01:09:00, "...", 0
1166, 04/01/2020, 01:10:00, "...", 0
1165, 04/01/2020, 01:11:00, "...", 0
1164, 04/01/2020, 01:12:00, "...", 0
1163, 04/01/2020, 01:13:00, "...", 0
1162, 04/01/2020, 01:14:00, "...", 0
1161, 04/01/2020, 01:15:00, "...", 0
1160, 04/01/2020, 01:16:00, "...", 0
1159, 04/01/2020, 01:17:00, "...", 0
1158, 04/01/2020, 01:18:00, "...", 0
1157, 04/01/2020, 01:19:00, "...", 0
1156, 04/01/2020, 01:20:00, "...", 0
1155, 04/01/2020, 01:21:00, "...", 0
1154, 04/01/2020, 01:22:00, "...", 0.66225165
1153, 04/01/2020, 01:23:00, "...", 0.33222592
1152, 04/01/2020, 01:24:00, "...", 0
1151, 04/01/2020, 01:25:00, "...", 0
1150, 04/01/2020, 01:26:00, "...", 0
1149, 04/01/2020, 01:27:00, "...", 0
1148, 04/01/2020, 01:28:00, "...", 0
1147, 04/01/2020, 01:29:00, "...", 0
1146, 04/01/2020, 01:30:00, "...", 0
1145, 04/01/2020, 01:31:00, "...", 0
1144, 04/01/2020, 01:32:00, "...", 0
1143, 04/01/2020, 01:33:00, "...", 0
1142, 04/01/2020, 01:34:00, "...", 0
1141, 04/01/2020, 01:35:00, "...", 0
1140, 04/01/2020, 01:36:00, "...", 0
1139, 04/01/2020, 01:37:00, "...", 0
1138, 04/01/2020, 01:38:00, "...", 0
1137, 04/01/2020, 01:39:00, "...", 0
1136, 04/01/2020, 01:40:00, "...", 0
1135, 04/01/2020, 01:41:00, "...", 0
1134, 04/01/2020, 01:42:00, "...", 0
1133, 04/01/2020, 01:43:00, "...", 0
1132, 04/01/2020, 01:44:00, "...", 0
1131, 04/01/2020, 01:45:00, "...", 0
1130, 04/01/2020, 01:46:00, "...", 0
1129, 04/01/2020, 01:47:00, "...", 0
1128, 04/01/2020, 01:48:00, "...", 0
1127, 04/01/2020, 01:49:00, "...", 0
1126, 04/01/2020, 01:50:00, "...", 0
1125, 04/01/2020, 01:51:00, "...", 0
1124, 04/01/2020, 01:52:00, "...", 0
1123, 04/01/2020, 01:53:00, "...", 0
1122, 04/01/2020, 01:54:00, "...", 0
1121, 04/01/2020, 01:55:00, "...", 0
1120, 04/01/2020, 01:56:00, "...", 0
1119, 04/01/2020, 01:57:00, "...", 0
1118, 04/01/2020, 01:58:00, "...", 0
1117, 04/01/2020, 01:59:00, "...", 0
1116, 04/01/2020, 02:00:00, "...", 0
1115, 04/01/2020, 02:01:00, "...", 0
1114, 04/01/2020, 02:02:00, "...", 0
1113, 04/01/2020, 02:03:00, "...", 0
1112, 04/01/2020, 02:04:00, "...", 0.33222592
1111, 04/01/2020, 02:05:00, "...", 0
1110, 04/01/2020, 02:06:00, "...", 0
1109, 04/01/2020, 02:07:00, "...", 0
1108, 04/01/2020, 02:08:00, "...", 0
1107, 04/01/2020, 02:09:00, "...", 0
1106, 04/01/2020, 02:10:00, "...", 0
1105, 04/01/2020, 02:11:00, "...", 0
1104, 04/01/2020, 02:12:00, "...", 0
1103, 04/01/2020, 02:13:00, "...", 0
1102, 04/01/2020, 02:14:00, "...", 0
1101, 04/01/2020, 02:15:00, "...", 0
1100, 04/01/2020, 02:16:00, "...", 0
1099, 04/01/2020, 02:17:00, "...", 0
1098, 04/01/2020, 02:18:00, "...", 0
1097, 04/01/2020, 02:19:00, "...", 0
1096, 04/01/2020, 02:20:00, "...", 0
1095, 04/01/2020, 02:21:00, "...", 0
1094, 04/01/2020, 02:22:00, "...", 0
1093, 04/01/2020, 02:23:00, "...", 0
1092, 04/01/2020, 02:24:00, "...", 0
1091, 04/01/2020, 02:25:00, "...", 0
1090, 04/01/2020, 02:26:00, "...", 0
1089, 04/01/2020, 02:27:00, "...", 0
1088, 04/01/2020, 02:28:00, "...", 0
1087, 04/01/2020, 02:29:00, "...", 0
1086, 04/01/2020, 02:30:00, "...", 0
1085, 04/01/2020, 02:31:00, "...", 0
1084, 04/01/2020, 02:32:00, "...", 0
1083, 04/01/2020, 02:33:00, "...", 0
1082, 04/01/2020, 02:34:00, "...", 0
1081, 04/01/2020, 02:35:00, "...", 0
1080, 04/01/2020, 02:36:00, "...", 0
1079, 04/01/2020, 02:37:00, "...", 0
1078, 04/01/2020, 02:38:00, "...", 0
1077, 04/01/2020, 02:39:00, "...", 0
1076, 04/01/2020, 02:40:00, "...", 0
1075, 04/01/2020, 02:41:00, "...", 0
1074, 04/01/2020, 02:42:00, "...", 0
1073, 04/01/2020, 02:43:00, "...", 0
1072, 04/01/2020, 02:44:00, "...", 0
1071, 04/01/2020, 02:45:00, "...", 0
1070, 04/01/2020, 02:46:00, "...", 0.66445184
1069, 04/01/2020, 02:47:00, "...", 0
1068, 04/01/2020, 02:48:00, "...", 0
1067, 04/01/2020, 02:49:00, "...", 0
1066, 04/01/2020, 02:50:00, "...", 0
1065, 04/01/2020, 02:51:00, "...", 0
1064, 04/01/2020, 02:52:00, "...", 0
1063, 04/01/2020, 02:53:00, "...", 0
1062, 04/01/2020, 02:54:00, "...", 0
1061, 04/01/2020, 02:55:00, "...", 0
1060, 04/01/2020, 02:56:00, "...", 0
1059, 04/01/2020, 02:57:00, "...", 0
1058, 04/01/2020, 02:58:00, "...", 0
1057, 04/01/2020, 02:59:00, "...", 0
1056, 04/01/2020, 03:00:00, "...", 0
1055, 04/01/2020, 03:01:00, "...", 0
1054, 04/01/2020, 03:02:00, "...", 0
1053, 04/01/2020, 03:03:00, "...", 0
1052, 04/01/2020, 03:04:00, "...", 0
1051, 04/01/2020, 03:05:00, "...", 0
1050, 04/01/2020, 03:06:00, "...", 0
1049, 04/01/2020, 03:07:00, "...", 0
1048, 04/01/2020, 03:08:00, "...", 0
1047, 04/01/2020, 03:09:00, "...", 0
1046, 04/01/2020, 03:10:00, "...", 0
1045, 04/01/2020, 03:11:00, "...", 0
1044, 04/01/2020, 03:12:00, "...", 0
1043, 04/01/2020, 03:13:00, "...", 0
1042, 04/01/2020, 03:14:00, "...", 0
1041, 04/01/2020, 03:15:00, "...", 0
1040, 04/01/2020, 03:16:00, "...", 0
1039, 04/01/2020, 03:17:00, "...", 0
1038, 04/01/2020, 03:18:00, "...", 0
1037, 04/01/2020, 03:19:00, "...", 0
1036, 04/01/2020, 03:20:00, "...", 0
1035, 04/01/2020, 03:21:00, "...", 0
1034, 04/01/2020, 03:22:00, "...", 0
1033, 04/01/2020, 03:23:00, "...", 0
1032, 04/01/2020, 03:24:00, "...", 0
1031, 04/01/2020, 03:25:00, "...", 0
1030, 04/01/2020, 03:26:00, "...", 0
1029, 04/01/2020, 03:27:00, "...", 0
1028, 04/01/2020, 03:28:00, "...", 0.66445184
1027, 04/01/2020, 03:29:00, "...", 0
1026, 04/01/2020, 03:30:00, "...", 0
1025, 04/01/2020, 03:31:00, "...", 0
1024, 04/01/2020, 03:32:00, "...", 0
1023, 04/01/2020, 03:33:00, "...", 0
1022, 04/01/2020, 03:34:00, "...", 0
1021, 04/01/2020, 03:35:00, "...", 0
1020, 04/01/2020, 03:36:00, "...", 0
1019, 04/01/2020, 03:37:00, "...", 0
1018, 04/01/2020, 03:38:00, "...", 0
1017, 04/01/2020, 03:39:00, "...", 0
1016, 04/01/2020, 03:40:00, "...", 0
1015, 04/01/2020, 03:41:00, "...", 0
1014, 04/01/2020, 03:42:00, "...", 0
1013, 04/01/2020, 03:43:00, "...", 0
1012, 04/01/2020, 03:44:00, "...", 0
1011, 04/01/2020, 03:45:00, "...", 0
1010, 04/01/2020, 03:46:00, "...", 0
1009, 04/01/2020, 03:47:00, "...", 0
1008, 04/01/2020, 03:48:00, "...", 0
1007, 04/01/2020, 03:49:00, "...", 0
1006, 04/01/2020, 03:50:00, "...", 0
1005, 04/01/2020, 03:51:00, "...", 0
1004, 04/01/2020, 03:52:00, "...", 0
1003, 04/01/2020, 03:53:00, "...", 0
1002, 04/01/2020, 03:54:00, "...", 0
1001, 04/01/2020, 03:55:00, "...", 0
1000, 04/01/2020, 03:56:00, "...", 0
999, 04/01/2020, 03:57:00, "...", 0
998, 04/01/2020, 03:58:00, "...", 0
997, 04/01/2020, 03:59:00, "...", 0
996, 04/01/2020, 04:00:00, "...", 0
995, 04/01/2020, 04:01:00, "...", 0
994, 04/01/2020, 04:02:00, "...", 0
993, 04/01/2020, 04:03:00, "...", 0
992, 04/01/2020, 04:04:00, "...", 0
991, 04/01/2020, 04:05:00, "...", 0
990, 04/01/2020, 04:06:00, "...", 0
989, 04/01/2020, 04:07:00, "...", 0
988, 04/01/2020, 04:08:00, "...", 0
987, 04/01/2020, 04:09:00, "...", 0
986, 04/01/2020, 04:10:00, "...", 0.66445184
985, 04/01/2020, 04:11:00, "...", 0
984, 04/01/2020, 04:12:00, "...", 0
983, 04/01/2020, 04:13:00, "...", 0
982, 04/01/2020, 04:14:00, "...", 0
981, 04/01/2020, 04:15:00, "...", 0
980, 04/01/2020, 04:16:00, "...", 0
979, 04/01/2020, 04:17:00, "...", 0
978, 04/01/2020, 04:18:00, "...", 0
977, 04/01/2020, 04:19:00, "...", 0
976, 04/01/2020, 04:20:00, "...", 0
975, 04/01/2020, 04:21:00, "...", 0
974, 04/01/2020, 04:22:00, "...", 0
973, 04/01/2020, 04:23:00, "...", 0
972, 04/01/2020, 04:24:00, "...", 0
971, 04/01/2020, 04:25:00, "...", 0
970, 04/01/2020, 04:26:00, "...", 0
969, 04/01/2020, 04:27:00, "...", 0
968, 04/01/2020, 04:28:00, "...", 0
967, 04/01/2020, 04:29:00, "...", 0
966, 04/01/2020, 04:30:00, "...", 0
965, 04/01/2020, 04:31:00, "...", 0
964, 04/01/2020, 04:32:00, "...", 0
963, 04/01/2020, 04:33:00, "...", 0
962, 04/01/2020, 04:34:00, "...", 0
961, 04/01/2020, 04:35:00, "...", 0
960, 04/01/2020, 04:36:00, "...", 0
959, 04/01/2020, 04:37:00, "...", 0
958, 04/01/2020, 04:38:00, "...", 0
957, 04/01/2020, 04:39:00, "...", 0
956, 04/01/2020, 04:40:00, "...", 0
955, 04/01/2020, 04:41:00, "...", 0
954, 04/01/2020, 04:42:00, "...", 0
953, 04/01/2020, 04:43:00, "...", 0
952, 04/01/2020, 04:44:00, "...", 0
951, 04/01/2020, 04:45:00, "...", 0
950, 04/01/2020, 04:46:00, "...", 0
949, 04/01/2020, 04:47:00, "...", 0
948, 04/01/2020, 04:48:00, "...", 0
947, 04/01/2020, 04:49:00, "...", 0
946, 04/01/2020, 04:50:00, "...", 0
945, 04/01/2020, 04:51:00, "...", 0
944, 04/01/2020, 04:52:00, "...", 0
943, 04/01/2020, 04:53:00, "...", 0.33222592
942, 04/01/2020, 04:54:00, "...", 0
941, 04/01/2020, 04:55:00, "...", 0
940, 04/01/2020, 04:56:00, "...", 0
939, 04/01/2020, 04:57:00, "...", 0
938, 04/01/2020, 04:58:00, "...", 0
937, 04/01/2020, 04:59:00, "...", 0
936, 04/01/2020, 05:00:00, "...", 0
935, 04/01/2020, 05:01:00, "...", 0
934, 04/01/2020, 05:02:00, "...", 0
933, 04/01/2020, 05:03:00, "...", 0
932, 04/01/2020, 05:04:00, "...", 0
931, 04/01/2020, 05:05:00, "...", 0
930, 04/01/2020, 05:06:00, "...", 0
929, 04/01/2020, 05:07:00, "...", 0
928, 04/01/2020, 05:08:00, "...", 0
927, 04/01/2020, 05:09:00, "...", 0
926, 04/01/2020, 05:10:00, "...", 0
925, 04/01/2020, 05:11:00, "...", 0
924, 04/01/2020, 05:12:00, "...", 0
923, 04/01/2020, 05:13:00, "...", 0
922, 04/01/2020, 05:14:00, "...", 0
921, 04/01/2020, 05:15:00, "...", 0
920, 04/01/2020, 05:16:00, "...", 0
919, 04/01/2020, 05:17:00, "...", 0
918, 04/01/2020, 05:18:00, "...", 0
917, 04/01/2020, 05:19:00, "...", 0
916, 04/01/2020, 05:20:00, "...", 0
915, 04/01/2020, 05:21:00, "...", 0
914, 04/01/2020, 05:22:00, "...", 0
913, 04/01/2020, 05:23:00, "...", 0
912, 04/01/2020, 05:24:00, "...", 0
911, 04/01/2020, 05:25:00, "...", 0
910, 04/01/2020, 05:26:00, "...", 0
909, 04/01/2020, 05:27:00, "...", 0
908, 04/01/2020, 05:28:00, "...", 0
907, 04/01/2020, 05:29:00, "...", 0
906, 04/01/2020, 05:30:00, "...", 0
905, 04/01/2020, 05:31:00, "...", 0
904, 04/01/2020, 05:32:00, "...", 0
903, 04/01/2020, 05:33:00, "...", 0
902, 04/01/2020, 05:34:00, "...", 0
901, 04/01/2020, 05:35:00, "...", 0.66445184
900, 04/01/2020, 05:36:00, "...", 0
899, 04/01/2020, 05:37:00, "...", 0
898, 04/01/2020, 05:38:00, "...", 0
897, 04/01/2020, 05:39:00, "...", 0
896, 04/01/2020, 05:40:00, "...", 0
895, 04/01/2020, 05:41:00, "...", 0
894, 04/01/2020, 05:42:00, "...", 0
893, 04/01/2020, 05:43:00, "...", 0
892, 04/01/2020, 05:44:00, "...", 0
891, 04/01/2020, 05:45:00, "...", 0
890, 04/01/2020, 05:46:00, "...", 0
889, 04/01/2020, 05:47:00, "...", 0
888, 04/01/2020, 05:48:00, "...", 0
887, 04/01/2020, 05:49:00, "...", 0
886, 04/01/2020, 05:50:00, "...", 0
885, 04/01/2020, 05:51:00, "...", 0
884, 04/01/2020, 05:52:00, "...", 0
883, 04/01/2020, 05:53:00, "...", 0
882, 04/01/2020, 05:54:00, "...", 0
881, 04/01/2020, 05:55:00, "...", 0
880, 04/01/2020, 05:56:00, "...", 0
879, 04/01/2020, 05:57:00, "...", 0
878, 04/01/2020, 05:58:00, "...", 0
877, 04/01/2020, 05:59:00, "...", 0
876, 04/01/2020, 06:00:00, "...", 0
875, 04/01/2020, 06:01:00, "...", 0
874, 04/01/2020, 06:02:00, "...", 0
873, 04/01/2020, 06:03:00, "...", 0
872, 04/01/2020, 06:04:00, "...", 0
871, 04/01/2020, 06:05:00, "...", 0
870, 04/01/2020, 06:06:00, "...", 0
869, 04/01/2020, 06:07:00, "...", 0
868, 04/01/2020, 06:08:00, "...", 0
867, 04/01/2020, 06:09:00, "...", 0
866, 04/01/2020, 06:10:00, "...", 0
865, 04/01/2020, 06:11:00, "...", 0
864, 04/01/2020, 06:12:00, "...", 0
863, 04/01/2020, 06:13:00, "...", 0
862, 04/01/2020, 06:14:00, "...", 0
861, 04/01/2020, 06:15:00, "...", 0
860, 04/01/2020, 06:16:00, "...", 0
859, 04/01/2020, 06:17:00, "...", 0
858, 04/01/2020, 06:18:00, "...", 0.33222592
857, 04/01/2020, 06:19:00, "...", 0
856, 04/01/2020, 06:20:00, "...", 0
855, 04/01/2020, 06:21:00, "...", 0
854, 04/01/2020, 06:22:00, "...", 0
853, 04/01/2020, 06:23:00, "...", 0
852, 04/01/2020, 06:24:00, "...", 0
851, 04/01/2020, 06:25:00, "...", 0
850, 04/01/2020, 06:26:00, "...", 0
849, 04/01/2020, 06:27:00, "...", 0
848, 04/01/2020, 06:28:00, "...", 0
847, 04/01/2020, 06:29:00, "...", 0
846, 04/01/2020, 06:30:00, "...", 0
845, 04/01/2020, 06:31:00, "...", 0
844, 04/01/2020, 06:32:00, "...", 0
843, 04/01/2020, 06:33:00, "...", 0
842, 04/01/2020, 06:34:00, "...", 0
841, 04/01/2020, 06:35:00, "...", 0
840, 04/01/2020, 06:36:00, "...", 0
839, 04/01/2020, 06:37:00, "...", 0
838, 04/01/2020, 06:38:00, "...", 0
837, 04/01/2020, 06:39:00, "...", 0
836, 04/01/2020, 06:40:00, "...", 0
835, 04/01/2020, 06:41:00, "...", 0
834, 04/01/2020, 06:42:00, "...", 0
833, 04/01/2020, 06:43:00, "...", 0
832, 04/01/2020, 06:44:00, "...", 0
831, 04/01/2020, 06:45:00, "...", 0
830, 04/01/2020, 06:46:00, "...", 0
829, 04/01/2020, 06:47:00, "...", 0
828, 04/01/2020, 06:48:00, "...", 0
827, 04/01/2020, 06:49:00, "...", 0
826, 04/01/2020, 06:50:00, "...", 0
825, 04/01/2020, 06:51:00, "...", 0
824, 04/01/2020, 06:52:00, "...", 0
823, 04/01/2020, 06:53:00, "...", 0.33222592
822, 04/01/2020, 06:54:00, "...", 0
821, 04/01/2020, 06:55:00, "...", 0
820, 04/01/2020, 06:56:00, "...", 0
819, 04/01/2020, 06:57:00, "...", 0
818, 04/01/2020, 06:58:00, "...", 0
817, 04/01/2020, 06:59:00, "...", 0
816, 04/01/2020, 07:00:00, "...", 0
815, 04/01/2020, 07:01:00, "...", 0
814, 04/01/2020, 07:02:00, "...", 0
813, 04/01/2020, 07:03:00, "...", 0
812, 04/01/2020, 07:04:00, "...", 0
811, 04/01/2020, 07:05:00, "...", 0
810, 04/01/2020, 07:06:00, "...", 0
809, 04/01/2020, 07:07:00, "...", 0
808, 04/01/2020, 07:08:00, "...", 0
807, 04/01/2020, 07:09:00, "...", 0
806, 04/01/2020, 07:10:00, "...", 0
805, 04/01/2020, 07:11:00, "...", 0
804, 04/01/2020, 07:12:00, "...", 0
803, 04/01/2020, 07:13:00, "...", 0
802, 04/01/2020, 07:14:00, "...", 0
801, 04/01/2020, 07:15:00, "...", 0
800, 04/01/2020, 07:16:00, "...", 0
799, 04/01/2020, 07:17:00, "...", 0
798, 04/01/2020, 07:18:00, "...", 0
797, 04/01/2020, 07:19:00, "...", 0
796, 04/01/2020, 07:20:00, "...", 0
795, 04/01/2020, 07:21:00, "...", 0
794, 04/01/2020, 07:22:00, "...", 0
793, 04/01/2020, 07:23:00, "...", 0
792, 04/01/2020, 07:24:00, "...", 0
791, 04/01/2020, 07:25:00, "...", 0
790, 04/01/2020, 07:26:00, "...", 0
789, 04/01/2020, 07:27:00, "...", 0
788, 04/01/2020, 07:28:00, "...", 0
787, 04/01/2020, 07:29:00, "...", 0
786, 04/01/2020, 07:30:00, "...", 0
785, 04/01/2020, 07:31:00, "...", 0
784, 04/01/2020, 07:32:00, "...", 0
783, 04/01/2020, 07:33:00, "...", 0
782, 04/01/2020, 07:34:00, "...", 0
781, 04/01/2020, 07:35:00, "...", 0
780, 04/01/2020, 07:36:00, "...", 0
779, 04/01/2020, 07:37:00, "...", 0
778, 04/01/2020, 07:38:00, "...", 0
777, 04/01/2020, 07:39:00, "...", 0
776, 04/01/2020, 07:40:00, "...", 0.66445184
775, 04/01/2020, 07:41:00, "...", 0
774, 04/01/2020, 07:42:00, "...", 0
773, 04/01/2020, 07:43:00, "...", 0
772, 04/01/2020, 07:44:00, "...", 0
771, 04/01/2020, 07:45:00, "...", 0
770, 04/01/2020, 07:46:00, "...", 0
769, 04/01/2020, 07:47:00, "...", 0
768, 04/01/2020, 07:48:00, "...", 0
767, 04/01/2020, 07:49:00, "...", 0
766, 04/01/2020, 07:50:00, "...", 0
765, 04/01/2020, 07:51:00, "...", 0
764, 04/01/2020, 07:52:00, "...", 0
763, 04/01/2020, 07:53:00, "...", 0
762, 04/01/2020, 07:54:00, "...", 0
761, 04/01/2020, 07:55:00, "...", 0
760, 04/01/2020, 07:56:00, "...", 0
759, 04/01/2020, 07:57:00, "...", 0
758, 04/01/2020, 07:58:00, "...", 0
757, 04/01/2020, 07:59:00, "...", 0
756, 04/01/2020, 08:00:00, "...", 0
755, 04/01/2020, 08:01:00, "...", 0
754, 04/01/2020, 08:02:00, "...", 0
753, 04/01/2020, 08:03:00, "...", 0
752, 04/01/2020, 08:04:00, "...", 0
751, 04/01/2020, 08:05:00, "...", 0
750, 04/01/2020, 08:06:00, "...", 0
749, 04/01/2020, 08:07:00, "...", 0
748, 04/01/2020, 08:08:00, "...", 0
747, 04/01/2020, 08:09:00, "...", 0
746, 04/01/2020, 08:10:00, "...", 0
745, 04/01/2020, 08:11:00, "...", 0
744, 04/01/2020, 08:12:00, "...", 0
743, 04/01/2020, 08:13:00, "...", 0
742, 04/01/2020, 08:14:00, "...", 0
741, 04/01/2020, 08:15:00, "...", 0
740, 04/01/2020, 08:16:00, "...", 0
739, 04/01/2020, 08:17:00, "...", 0
738, 04/01/2020, 08:18:00, "...", 0
737, 04/01/2020, 08:19:00, "...", 0.66445184
736, 04/01/2020, 08:20:00, "...", 0
735, 04/01/2020, 08:21:00, "...", 0
734, 04/01/2020, 08:22:00, "...", 0
733, 04/01/2020, 08:23:00, "...", 0
732, 04/01/2020, 08:24:00, "...", 0
731, 04/01/2020, 08:25:00, "...", 0
730, 04/01/2020, 08:26:00, "...", 0
729, 04/01/2020, 08:27:00, "...", 0
728, 04/01/2020, 08:28:00, "...", 0
727, 04/01/2020, 08:29:00, "...", 0
726, 04/01/2020, 08:30:00, "...", 0
725, 04/01/2020, 08:31:00, "...", 0
724, 04/01/2020, 08:32:00, "...", 0
723, 04/01/2020, 08:33:00, "...", 0
722, 04/01/2020, 08:34:00, "...", 0
721, 04/01/2020, 08:35:00, "...", 0
720, 04/01/2020, 08:36:00, "...", 0
719, 04/01/2020, 08:37:00, "...", 0
718, 04/01/2020, 08:38:00, "...", 0
717, 04/01/2020, 08:39:00, "...", 0
716, 04/01/2020, 08:40:00, "...", 0
715, 04/01/2020, 08:41:00, "...", 0
714, 04/01/2020, 08:42:00, "...", 0
713, 04/01/2020, 08:43:00, "...", 0
712, 04/01/2020, 08:44:00, "...", 0
711, 04/01/2020, 08:45:00, "...", 0
710, 04/01/2020, 08:46:00, "...", 0
709, 04/01/2020, 08:47:00, "...", 0
708, 04/01/2020, 08:48:00, "...", 0
707, 04/01/2020, 08:49:00, "...", 0
706, 04/01/2020, 08:50:00, "...", 0
705, 04/01/2020, 08:51:00, "...", 0
704, 04/01/2020, 08:52:00, "...", 0
703, 04/01/2020, 08:53:00, "...", 0.33222592
702, 04/01/2020, 08:54:00, "...", 0
701, 04/01/2020, 08:55:00, "...", 0
700, 04/01/2020, 08:56:00, "...", 0
699, 04/01/2020, 08:57:00, "...", 0
698, 04/01/2020, 08:58:00, "...", 0
697, 04/01/2020, 08:59:00, "...", 0
696, 04/01/2020, 09:00:00, "...", 0
695, 04/01/2020, 09:01:00, "...", 0
694, 04/01/2020, 09:02:00, "...", 0
693, 04/01/2020, 09:03:00, "...", 0
692, 04/01/2020, 09:04:00, "...", 0
691, 04/01/2020, 09:05:00, "...", 0
690, 04/01/2020, 09:06:00, "...", 0
689, 04/01/2020, 09:07:00, "...", 0
688, 04/01/2020, 09:08:00, "...", 0
687, 04/01/2020, 09:09:00, "...", 0
686, 04/01/2020, 09:10:00, "...", 0
685, 04/01/2020, 09:11:00, "...", 0
684, 04/01/2020, 09:12:00, "...", 0
683, 04/01/2020, 09:13:00, "...", 0
682, 04/01/2020, 09:14:00, "...", 0
681, 04/01/2020, 09:15:00, "...", 0
680, 04/01/2020, 09:16:00, "...", 0
679, 04/01/2020, 09:17:00, "...", 0
678, 04/01/2020, 09:18:00, "...", 0
677, 04/01/2020, 09:19:00, "...", 0
676, 04/01/2020, 09:20:00, "...", 0
675, 04/01/2020, 09:21:00, "...", 0
674, 04/01/2020, 09:22:00, "...", 0
673, 04/01/2020, 09:23:00, "...", 0
672, 04/01/2020, 09:24:00, "...", 0
671, 04/01/2020, 09:25:00, "...", 0
670, 04/01/2020, 09:26:00, "...", 0
669, 04/01/2020, 09:27:00, "...", 0
668, 04/01/2020, 09:28:00, "...", 0
667, 04/01/2020, 09:29:00, "...", 0
666, 04/01/2020, 09:30:00, "...", 0
665, 04/01/2020, 09:31:00, "...", 0
664, 04/01/2020, 09:32:00, "...", 0
663, 04/01/2020, 09:33:00, "...", 0
662, 04/01/2020, 09:34:00, "...", 0
661, 04/01/2020, 09:35:00, "...", 0
660, 04/01/2020, 09:36:00, "...", 0
659, 04/01/2020, 09:37:00, "...", 0
658, 04/01/2020, 09:38:00, "...", 0
657, 04/01/2020, 09:39:00, "...", 0
656, 04/01/2020, 09:40:00, "...", 0
655, 04/01/2020, 09:41:00, "...", 0
654, 04/01/2020, 09:42:00, "...", 0
653, 04/01/2020, 09:43:00, "...", 0
652, 04/01/2020, 09:44:00, "...", 0
651, 04/01/2020, 09:45:00, "...", 0
650, 04/01/2020, 09:46:00, "...", 0
649, 04/01/2020, 09:47:00, "...", 0
648, 04/01/2020, 09:48:00, "...", 0.33222592
647, 04/01/2020, 09:49:00, "...", 0
646, 04/01/2020, 09:50:00, "...", 0
645, 04/01/2020, 09:51:00, "...", 0
644, 04/01/2020, 09:52:00, "...", 0
643, 04/01/2020, 09:53:00, "...", 0
642, 04/01/2020, 09:54:00, "...", 0
641, 04/01/2020, 09:55:00, "...", 0
640, 04/01/2020, 09:56:00, "...", 0
639, 04/01/2020, 09:57:00, "...", 0
638, 04/01/2020, 09:58:00, "...", 0
637, 04/01/2020, 09:59:00, "...", 0
636, 04/01/2020, 10:00:00, "...", 0
635, 04/01/2020, 10:01:00, "...", 0
634, 04/01/2020, 10:02:00, "...", 0
633, 04/01/2020, 10:03:00, "...", 0
632, 04/01/2020, 10:04:00, "...", 0
631, 04/01/2020, 10:05:00, "...", 0
630, 04/01/2020, 10:06:00, "...", 0
629, 04/01/2020, 10:07:00, "...", 0
628, 04/01/2020, 10:08:00, "...", 0
627, 04/01/2020, 10:09:00, "...", 0
626, 04/01/2020, 10:10:00, "...", 0
625, 04/01/2020, 10:11:00, "...", 0
624, 04/01/2020, 10:12:00, "...", 0
623, 04/01/2020, 10:13:00, "...", 0
622, 04/01/2020, 10:14:00, "...", 0
621, 04/01/2020, 10:15:00, "...", 0
620, 04/01/2020, 10:16:00, "...", 0
619, 04/01/2020, 10:17:00, "...", 0
618, 04/01/2020, 10:18:00, "...", 0
617, 04/01/2020, 10:19:00, "...", 0
616, 04/01/2020, 10:20:00, "...", 0
615, 04/01/2020, 10:21:00, "...", 0
614, 04/01/2020, 10:22:00, "...", 0
613, 04/01/2020, 10:23:00, "...", 0
612, 04/01/2020, 10:24:00, "...", 0
611, 04/01/2020, 10:25:00, "...", 0
610, 04/01/2020, 10:26:00, "...", 0
609, 04/01/2020, 10:27:00, "...", 0
608, 04/01/2020, 10:28:00, "...", 0
607, 04/01/2020, 10:29:00, "...", 0
606, 04/01/2020, 10:30:00, "...", 0
605, 04/01/2020, 10:31:00, "...", 0.66445184
604, 04/01/2020, 10:32:00, "...", 0
603, 04/01/2020, 10:33:00, "...", 0
602, 04/01/2020, 10:34:00, "...", 0
601, 04/01/2020, 10:35:00, "...", 0
600, 04/01/2020, 10:36:00, "...", 0
599, 04/01/2020, 10:37:00, "...", 0
598, 04/01/2020, 10:38:00, "...", 0
597, 04/01/2020, 10:39:00, "...", 0
596, 04/01/2020, 10:40:00, "...", 0
595, 04/01/2020, 10:41:00, "...", 0
594, 04/01/2020, 10:42:00, "...", 0
593, 04/01/2020, 10:43:00, "...", 0
592, 04/01/2020, 10:44:00, "...", 0
591, 04/01/2020, 10:45:00, "...", 0
590, 04/01/2020, 10:46:00, "...", 0
589, 04/01/2020, 10:47:00, "...", 0
588, 04/01/2020, 10:48:00, "...", 0
587, 04/01/2020, 10:49:00, "...", 0
586, 04/01/2020, 10:50:00, "...", 0
585, 04/01/2020, 10:51:00, "...", 0
584, 04/01/2020, 10:52:00, "...", 0
583, 04/01/2020, 10:53:00, "...", 0
582, 04/01/2020, 10:54:00, "...", 0
581, 04/01/2020, 10:55:00, "...", 0
580, 04/01/2020, 10:56:00, "...", 0
579, 04/01/2020, 10:57:00, "...", 0
578, 04/01/2020, 10:58:00, "...", 0
577, 04/01/2020, 10:59:00, "...", 0
576, 04/01/2020, 11:00:00, "...", 0
575, 04/01/2020, 11:01:00, "...", 0
574, 04/01/2020, 11:02:00, "...", 0
573, 04/01/2020, 11:03:00, "...", 0
572, 04/01/2020, 11:04:00, "...", 0
571, 04/01/2020, 11:05:00, "...", 0
570, 04/01/2020, 11:06:00, "...", 0
569, 04/01/2020, 11:07:00, "...", 0
568, 04/01/2020, 11:08:00, "...", 0.66445184
567, 04/01/2020, 11:09:00, "...", 0
566, 04/01/2020, 11:10:00, "...", 0
565, 04/01/2020, 11:11:00, "...", 0
564, 04/01/2020, 11:12:00, "...", 0
563, 04/01/2020, 11:13:00, "...", 0
562, 04/01/2020, 11:14:00, "...", 0
561, 04/01/2020, 11:15:00, "...", 0
560, 04/01/2020, 11:16:00, "...", 0
559, 04/01/2020, 11:17:00, "...", 0
558, 04/01/2020, 11:18:00, "...", 0
557, 04/01/2020, 11:19:00, "...", 0
556, 04/01/2020, 11:20:00, "...", 0
555, 04/01/2020, 11:21:00, "...", 0
554, 04/01/2020, 11:22:00, "...", 0
553, 04/01/2020, 11:23:00, "...", 0
552, 04/01/2020, 11:24:00, "...", 0
551, 04/01/2020, 11:25:00, "...", 0
550, 04/01/2020, 11:26:00, "...", 0
549, 04/01/2020, 11:27:00, "...", 0
548, 04/01/2020, 11:28:00, "...", 0
547, 04/01/2020, 11:29:00, "...", 0
546, 04/01/2020, 11:30:00, "...", 0
545, 04/01/2020, 11:31:00, "...", 0
544, 04/01/2020, 11:32:00, "...", 0
543, 04/01/2020, 11:33:00, "...", 0
542, 04/01/2020, 11:34:00, "...", 0
541, 04/01/2020, 11:35:00, "...", 0
540, 04/01/2020, 11:36:00, "...", 0.33222592
539, 04/01/2020, 11:37:00, "...", 0
538, 04/01/2020, 11:38:00, "...", 0
537, 04/01/2020, 11:39:00, "(2;3)", 0
536, 04/01/2020, 11:40:00, "...", 0
535, 04/01/2020, 11:41:00, "...", 0
534, 04/01/2020, 11:42:00, "...", 0
533, 04/01/2020, 11:43:00, "...", 0
532, 04/01/2020, 11:44:00, "...", 0
531, 04/01/2020, 11:45:00, "...", 0
530, 04/01/2020, 11:46:00, "...", 0
529, 04/01/2020, 11:47:00, "...", 0
528, 04/01/2020, 11:48:00, "...", 0
527, 04/01/2020, 11:49:00, "...", 0
526, 04/01/2020, 11:50:00, "...", 0
525, 04/01/2020, 11:51:00, "...", 0
524, 04/01/2020, 11:52:00, "...", 0
523, 04/01/2020, 11:53:00, "...", 0
522, 04/01/2020, 11:54:00, "...", 0
521, 04/01/2020, 11:55:00, "...", 0
520, 04/01/2020, 11:56:00, "...", 0
519, 04/01/2020, 11:57:00, "...", 0
518, 04/01/2020, 11:58:00, "...", 0
517, 04/01/2020, 11:59:00, "...", 0
516, 04/01/2020, 12:00:00, "...", 0
515, 04/01/2020, 12:01:00, "...", 0
514, 04/01/2020, 12:02:00, "...", 0
513, 04/01/2020, 12:03:00, "...", 0
512, 04/01/2020, 12:04:00, "...", 0
511, 04/01/2020, 12:05:00, "...", 0
510, 04/01/2020, 12:06:00, "...", 0
509, 04/01/2020, 12:07:00, "...", 0
508, 04/01/2020, 12:08:00, "...", 0
507, 04/01/2020, 12:09:00, "...", 0
506, 04/01/2020, 12:10:00, "...", 0
505, 04/01/2020, 12:11:00, "...", 0
504, 04/01/2020, 12:12:00, "...", 0
503, 04/01/2020, 12:13:00, "...", 0.66445184
502, 04/01/2020, 12:14:00, "...", 0
501, 04/01/2020, 12:15:00, "...", 0
500, 04/01/2020, 12:16:00, "...", 0
499, 04/01/2020, 12:17:00, "...", 0
498, 04/01/2020, 12:18:00, "...", 0
497, 04/01/2020, 12:19:00, "...", 0
496, 04/01/2020, 12:20:00, "...", 0
495, 04/01/2020, 12:21:00, "...", 0
494, 04/01/2020, 12:22:00, "...", 0
493, 04/01/2020, 12:23:00, "...", 0
492, 04/01/2020, 12:24:00, "...", 0
491, 04/01/2020, 12:25:00, "...", 0
490, 04/01/2020, 12:26:00, "...", 0
489, 04/01/2020, 12:27:00, "...", 0
488, 04/01/2020, 12:28:00, "...", 0
487, 04/01/2020, 12:29:00, "...", 0
486, 04/01/2020, 12:30:00, "...", 0
485, 04/01/2020, 12:31:00, "...", 0
484, 04/01/2020, 12:32:00, "...", 0
483, 04/01/2020, 12:33:00, "...", 0
482, 04/01/2020, 12:34:00, "...", 0
481, 04/01/2020, 12:35:00, "...", 0
480, 04/01/2020, 12:36:00, "...", 0
479, 04/01/2020, 12:37:00, "...", 0
478, 04/01/2020, 12:38:00, "...", 0
477, 04/01/2020, 12:39:00, "...", 0
476, 04/01/2020, 12:40:00, "...", 0
475, 04/01/2020, 12:41:00, "...", 0
474, 04/01/2020, 12:42:00, "...", 0
473, 04/01/2020, 12:43:00, "...", 0
472, 04/01/2020, 12:44:00, "...", 0
471, 04/01/2020, 12:45:00, "...", 0
470, 04/01/2020, 12:46:00, "...", 0
469, 04/01/2020, 12:47:00, "...", 0
468, 04/01/2020, 12:48:00, "...", 0
467, 04/01/2020, 12:49:00, "...", 0
466, 04/01/2020, 12:50:00, "...", 0
465, 04/01/2020, 12:51:00, "...", 0
464, 04/01/2020, 12:52:00, "...", 0
463, 04/01/2020, 12:53:00, "...", 0
462, 04/01/2020, 12:54:00, "...", 0
461, 04/01/2020, 12:55:00, "...", 0
460, 04/01/2020, 12:56:00, "...", 0
459, 04/01/2020, 12:57:00, "...", 0
458, 04/01/2020, 12:58:00, "...", 0
457, 04/01/2020, 12:59:00, "...", 0
456, 04/01/2020, 13:00:00, "...", 0
455, 04/01/2020, 13:01:00, "...", 0
454, 04/01/2020, 13:02:00, "...", 0
453, 04/01/2020, 13:03:00, "...", 0
452, 04/01/2020, 13:04:00, "...", 0
451, 04/01/2020, 13:05:00, "...", 0
450, 04/01/2020, 13:06:00, "...", 0
449, 04/01/2020, 13:07:00, "...", 0
448, 04/01/2020, 13:08:00, "...", 0
447, 04/01/2020, 13:09:00, "...", 0
446, 04/01/2020, 13:10:00, "...", 0
445, 04/01/2020, 13:11:00, "...", 0
444, 04/01/2020, 13:12:00, "...", 0
443, 04/01/2020, 13:13:00, "...", 0
442, 04/01/2020, 13:14:00, "...", 0
441, 04/01/2020, 13:15:00, "...", 0
440, 04/01/2020, 13:16:00, "...", 0
439, 04/01/2020, 13:17:00, "...", 0
438, 04/01/2020, 13:18:00, "...", 0
437, 04/01/2020, 13:19:00, "...", 0
436, 04/01/2020, 13:20:00, "...", 0
435, 04/01/2020, 13:21:00, "...", 0
434, 04/01/2020, 13:22:00, "...", 0
433, 04/01/2020, 13:23:00, "...", 0
432, 04/01/2020, 13:24:00, "...", 0
431, 04/01/2020, 13:25:00, "...", 0
430, 04/01/2020, 13:26:00, "...", 0
429, 04/01/2020, 13:27:00, "...", 0
428, 04/01/2020, 13:28:00, "...", 0
427, 04/01/2020, 13:29:00, "...", 0
426, 04/01/2020, 13:30:00, "...", 0
425, 04/01/2020, 13:31:00, "...", 0
424, 04/01/2020, 13:32:00, "...", 0
423, 04/01/2020, 13:33:00, "...", 0
422, 04/01/2020, 13:34:00, "...", 0
421, 04/01/2020, 13:35:00, "...", 0
420, 04/01/2020, 13:36:00, "...", 0
419, 04/01/2020, 13:37:00, "...", 0
418, 04/01/2020, 13:38:00, "...", 0
417, 04/01/2020, 13:39:00, "...", 0
416, 04/01/2020, 13:40:00, "...", 0
415, 04/01/2020, 13:41:00, "...", 0
414, 04/01/2020, 13:42:00, "...", 0
413, 04/01/2020, 13:43:00, "...", 0
412, 04/01/2020, 13:44:00, "...", 0
411, 04/01/2020, 13:45:00, "...", 0
410, 04/01/2020, 13:46:00, "...", 0
409, 04/01/2020, 13:47:00, "...", 0
408, 04/01/2020, 13:48:00, "...", 0
407, 04/01/2020, 13:49:00, "...", 0
406, 04/01/2020, 13:50:00, "...", 0
405, 04/01/2020, 13:51:00, "...", 0
404, 04/01/2020, 13:52:00, "...", 0
403, 04/01/2020, 13:53:00, "...", 0
402, 04/01/2020, 13:54:00, "...", 0
401, 04/01/2020, 13:55:00, "...", 0
400, 04/01/2020, 13:56:00, "...", 0
399, 04/01/2020, 13:57:00, "...", 0
398, 04/01/2020, 13:58:00, "...", 0
397, 04/01/2020, 13:59:00, "...", 0
396, 04/01/2020, 14:00:00, "...", 0
395, 04/01/2020, 14:01:00, "...", 0
394, 04/01/2020, 14:02:00, "...", 0
393, 04/01/2020, 14:03:00, "...", 0
392, 04/01/2020, 14:04:00, "(2)", 0
391, 04/02/2020, 09:49:00, "(2;3)", 0
390, 04/02/2020, 09:50:00, "...", 0
389, 04/02/2020, 09:51:00, "...", 0
388, 04/02/2020, 09:52:00, "...", 0
387, 04/02/2020, 09:53:00, "...", 0
386, 04/02/2020, 09:54:00, "...", 0
385, 04/02/2020, 09:55:00, "...", 0
384, 04/02/2020, 09:56:00, "...", 0
383, 04/02/2020, 09:57:00, "...", 0
382, 04/02/2020, 09:58:00, "...", 0
381, 04/02/2020, 09:59:00, "...", 0
380, 04/02/2020, 10:00:00, "...", 0
379, 04/02/2020, 10:01:00, "...", 0
378, 04/02/2020, 10:02:00, "...", 0
377, 04/02/2020, 10:03:00, "...", 0
376, 04/02/2020, 10:04:00, "...", 0
375, 04/02/2020, 10:05:00, "...", 0
374, 04/02/2020, 10:06:00, "...", 0
373, 04/02/2020, 10:07:00, "...", 0
372, 04/02/2020, 10:08:00, "...", 0
371, 04/02/2020, 10:09:00, "...", 0
370, 04/02/2020, 10:10:00, "...", 0
369, 04/02/2020, 10:11:00, "...", 0
368, 04/02/2020, 10:12:00, "...", 0
367, 04/02/2020, 10:13:00, "...", 0
366, 04/02/2020, 10:14:00, "...", 0
365, 04/02/2020, 10:15:00, "...", 0
364, 04/02/2020, 10:16:00, "...", 0
363, 04/02/2020, 10:17:00, "...", 0
362, 04/02/2020, 10:18:00, "...", 0
361, 04/02/2020, 10:19:00, "...", 0
360, 04/02/2020, 10:20:00, "...", 0
359, 04/02/2020, 10:21:00, "...", 0
358, 04/02/2020, 10:22:00, "...", 0
357, 04/02/2020, 10:23:00, "...", 0
356, 04/02/2020, 10:24:00, "...", 0
355, 04/02/2020, 10:25:00, "...", 0
354, 04/02/2020, 10:26:00, "...", 0
353, 04/02/2020, 10:27:00, "...", 0
352, 04/02/2020, 10:28:00, "...", 0
351, 04/02/2020, 10:29:00, "...", 0
350, 04/02/2020, 10:30:00, "...", 0
349, 04/02/2020, 10:31:00, "...", 0
348, 04/02/2020, 10:32:00, "...", 0
347, 04/02/2020, 10:33:00, "...", 0
346, 04/02/2020, 10:34:00, "...", 0
345, 04/02/2020, 10:35:00, "...", 0
344, 04/02/2020, 10:36:00, "...", 0
343, 04/02/2020, 10:37:00, "...", 0
342, 04/02/2020, 10:38:00, "...", 0
341, 04/02/2020, 10:39:00, "...", 0
340, 04/02/2020, 10:40:00, "...", 0
339, 04/02/2020, 10:41:00, "...", 0
338, 04/02/2020, 10:42:00, "...", 0
337, 04/02/2020, 10:43:00, "...", 0
336, 04/02/2020, 10:44:00, "...", 0
335, 04/02/2020, 10:45:00, "...", 0
334, 04/02/2020, 10:46:00, "...", 0
333, 04/02/2020, 10:47:00, "...", 0
332, 04/02/2020, 10:48:00, "...", 0
331, 04/02/2020, 10:49:00, "...", 0
330, 04/02/2020, 10:50:00, "...", 0
329, 04/02/2020, 10:51:00, "...", 0
328, 04/02/2020, 10:52:00, "...", 0
327, 04/02/2020, 10:53:00, "...", 0
326, 04/02/2020, 10:54:00, "...", 0
325, 04/02/2020, 10:55:00, "...", 0
324, 04/02/2020, 10:56:00, "...", 0
323, 04/02/2020, 10:57:00, "...", 0
322, 04/02/2020, 10:58:00, "...", 0
321, 04/02/2020, 10:59:00, "...", 0
320, 04/02/2020, 11:00:00, "...", 0
319, 04/02/2020, 11:01:00, "...", 0
318, 04/02/2020, 11:02:00, "...", 0
317, 04/02/2020, 11:03:00, "...", 0
316, 04/02/2020, 11:04:00, "...", 0
315, 04/02/2020, 11:05:00, "...", 0
314, 04/02/2020, 11:06:00, "...", 0
313, 04/02/2020, 11:07:00, "...", 0
312, 04/02/2020, 11:08:00, "...", 0
311, 04/02/2020, 11:09:00, "...", 0
310, 04/02/2020, 11:10:00, "...", 0
309, 04/02/2020, 11:11:00, "...", 0
308, 04/02/2020, 11:12:00, "...", 0
307, 04/02/2020, 11:13:00, "...", 0
306, 04/02/2020, 11:14:00, "...", 0
305, 04/02/2020, 11:15:00, "...", 0
304, 04/02/2020, 11:16:00, "...", 0
303, 04/02/2020, 11:17:00, "...", 0
302, 04/02/2020, 11:18:00, "...", 0
301, 04/02/2020, 11:19:00, "...", 0
300, 04/02/2020, 11:20:00, "...", 0
299, 04/02/2020, 11:21:00, "...", 0
298, 04/02/2020, 11:22:00, "...", 0
297, 04/02/2020, 11:23:00, "...", 0
296, 04/02/2020, 11:24:00, "...", 0
295, 04/02/2020, 11:25:00, "...", 0
294, 04/02/2020, 11:26:00, "...", 0
293, 04/02/2020, 11:27:00, "...", 0
292, 04/02/2020, 11:28:00, "...", 0
291, 04/02/2020, 11:29:00, "...", 0
290, 04/02/2020, 11:30:00, "...", 0
289, 04/02/2020, 11:31:00, "...", 0
288, 04/02/2020, 11:32:00, "...", 0
287, 04/02/2020, 11:33:00, "...", 0
286, 04/02/2020, 11:34:00, "...", 0
285, 04/02/2020, 11:35:00, "...", 0
284, 04/02/2020, 11:36:00, "...", 0
283, 04/02/2020, 11:37:00, "...", 0
282, 04/02/2020, 11:38:00, "...", 0
281, 04/02/2020, 11:39:00, "...", 0
280, 04/02/2020, 11:40:00, "...", 0
279, 04/02/2020, 11:41:00, "...", 0
278, 04/02/2020, 11:42:00, "...", 0
277, 04/02/2020, 11:43:00, "...", 0
276, 04/02/2020, 11:44:00, "...", 0
275, 04/02/2020, 11:45:00, "(2)", 0
274, 04/02/2020, 12:04:00, "(2;3)", 0
273, 04/02/2020, 12:05:00, "...", 0
272, 04/02/2020, 12:06:00, "...", 2.95290327
271, 04/02/2020, 12:07:00, "...", 0
270, 04/02/2020, 12:08:00, "...", 0
269, 04/02/2020, 12:09:00, "...", 0
268, 04/02/2020, 12:10:00, "...", 0
267, 04/02/2020, 12:11:00, "(2;3)", 0
266, 04/02/2020, 12:12:00, "...", 0
265, 04/02/2020, 12:13:00, "...", 0
264, 04/02/2020, 12:14:00, "...", 0
263, 04/02/2020, 12:15:00, "...", 0
262, 04/02/2020, 12:16:00, "...", 0
261, 04/02/2020, 12:17:00, "...", 0
260, 04/02/2020, 12:18:00, "...", 0
259, 04/02/2020, 12:19:00, "...", 0
258, 04/02/2020, 12:20:00, "...", 0
257, 04/02/2020, 12:21:00, "...", 0
256, 04/02/2020, 12:22:00, "...", 0
255, 04/02/2020, 12:23:00, "...", 0
254, 04/02/2020, 12:24:00, "(2;3)", 0
253, 04/02/2020, 12:25:00, "...", 0
252, 04/02/2020, 12:26:00, "...", 0
251, 04/02/2020, 12:27:00, "...", 0
250, 04/02/2020, 12:28:00, "...", 0
249, 04/02/2020, 12:29:00, "...", 0
248, 04/02/2020, 12:30:00, "...", 0
247, 04/02/2020, 12:31:00, "...", 17.05507851
246, 04/02/2020, 12:32:00, "...", 0
245, 04/02/2020, 12:33:00, "...", 0
244, 04/02/2020, 12:34:00, "...", 0
243, 04/02/2020, 12:35:00, "...", 0
242, 04/02/2020, 12:36:00, "...", 0
241, 04/02/2020, 12:37:00, "...", 0
240, 04/02/2020, 12:38:00, "...", 0
239, 04/02/2020, 12:39:00, "...", 0
238, 04/02/2020, 12:40:00, "...", 0
237, 04/02/2020, 12:41:00, "...", 0
236, 04/02/2020, 12:42:00, "...", 0
235, 04/02/2020, 12:43:00, "...", 0
234, 04/02/2020, 12:44:00, "...", 0
233, 04/02/2020, 12:45:00, "...", 0
232, 04/02/2020, 12:46:00, "...", 0
231, 04/02/2020, 12:47:00, "...", 0
230, 04/02/2020, 12:48:00, "...", 0
229, 04/02/2020, 12:49:00, "...", 0
228, 04/02/2020, 12:50:00, "...", 0
227, 04/02/2020, 12:51:00, "...", 0
226, 04/02/2020, 12:52:00, "...", 0
225, 04/02/2020, 12:53:00, "...", 0
224, 04/02/2020, 12:54:00, "...", 0
223, 04/02/2020, 12:55:00, "...", 0
222, 04/02/2020, 12:56:00, "...", 0
221, 04/02/2020, 12:57:00, "...", 0
220, 04/02/2020, 12:58:00, "...", 0
219, 04/02/2020, 12:59:00, "...", 0
218, 04/02/2020, 13:00:00, "...", 0
217, 04/02/2020, 13:01:00, "...", 0
216, 04/02/2020, 13:02:00, "...", 0
215, 04/02/2020, 13:03:00, "...", 0
214, 04/02/2020, 13:04:00, "...", 0
213, 04/02/2020, 13:05:00, "...", 0
212, 04/02/2020, 13:06:00, "...", 0
211, 04/02/2020, 13:07:00, "...", 0
210, 04/02/2020, 13:08:00, "...", 0
209, 04/02/2020, 13:09:00, "...", 0
208, 04/02/2020, 13:10:00, "...", 0
207, 04/02/2020, 13:11:00, "...", 0
206, 04/02/2020, 13:12:00, "...", 0
205, 04/02/2020, 13:13:00, "...", 0
204, 04/02/2020, 13:14:00, "...", 0
203, 04/02/2020, 13:15:00, "...", 0
202, 04/02/2020, 13:16:00, "...", 0
201, 04/02/2020, 13:17:00, "...", 0
200, 04/02/2020, 13:18:00, "...", 0
199, 04/02/2020, 13:19:00, "...", 2.624367
198, 04/02/2020, 13:20:00, "...", 0
197, 04/02/2020, 13:21:00, "...", 0
196, 04/02/2020, 13:22:00, "...", 0
195, 04/02/2020, 13:23:00, "...", 0
194, 04/02/2020, 13:24:00, "...", 0
193, 04/02/2020, 13:25:00, "...", 0
192, 04/02/2020, 13:26:00, "...", 0
191, 04/02/2020, 13:27:00, "...", 0
190, 04/02/2020, 13:28:00, "...", 0
189, 04/02/2020, 13:29:00, "...", 0
188, 04/02/2020, 13:30:00, "...", 0
187, 04/02/2020, 13:31:00, "...", 0
186, 04/02/2020, 13:32:00, "...", 0
185, 04/02/2020, 13:33:00, "...", 0
184, 04/02/2020, 13:34:00, "...", 0
183, 04/02/2020, 13:35:00, "...", 0
182, 04/02/2020, 13:36:00, "...", 0
181, 04/02/2020, 13:37:00, "...", 0
180, 04/02/2020, 13:38:00, "...", 0
179, 04/02/2020, 13:39:00, "...", 0
178, 04/02/2020, 13:40:00, "...", 0
177, 04/02/2020, 13:41:00, "...", 0
176, 04/02/2020, 13:42:00, "...", 0
175, 04/02/2020, 13:43:00, "...", 0
174, 04/02/2020, 13:44:00, "...", 0
173, 04/02/2020, 13:45:00, "...", 0
172, 04/02/2020, 13:46:00, "...", 0
171, 04/02/2020, 13:47:00, "...", 0
170, 04/02/2020, 13:48:00, "...", 0
169, 04/02/2020, 13:49:00, "...", 0
168, 04/02/2020, 13:50:00, "...", 0
167, 04/02/2020, 13:51:00, "...", 0
166, 04/02/2020, 13:52:00, "...", 0
165, 04/02/2020, 13:53:00, "...", 0
164, 04/02/2020, 13:54:00, "...", 0
163, 04/02/2020, 13:55:00, "...", 0
162, 04/02/2020, 13:56:00, "...", 0
161, 04/02/2020, 13:57:00, "...", 0
160, 04/02/2020, 13:58:00, "...", 0
159, 04/02/2020, 13:59:00, "...", 0
158, 04/02/2020, 14:00:00, "...", 0
157, 04/02/2020, 14:01:00, "...", 0
156, 04/02/2020, 14:02:00, "...", 0
155, 04/02/2020, 14:03:00, "...", 0
154, 04/02/2020, 14:04:00, "...", 0
153, 04/02/2020, 14:05:00, "(2)", 0
152, 04/17/2020, 08:02:00, "(2;3)", 0
151, 04/17/2020, 08:03:00, "...", 0
150, 04/17/2020, 08:04:00, "...", 0
149, 04/17/2020, 08:05:00, "...", 0
148, 04/17/2020, 08:06:00, "...", 0
147, 04/17/2020, 08:07:00, "...", 0
146, 04/17/2020, 08:08:00, "(2;3)", 0
145, 04/17/2020, 08:09:00, "...", 0
144, 04/17/2020, 08:10:00, "...", 0
143, 04/17/2020, 08:11:00, "...", 0
142, 04/17/2020, 08:12:00, "(2;3)", 0
141, 04/17/2020, 08:13:00, "...", 0
140, 04/17/2020, 08:14:00, "...", 0
139, 04/17/2020, 08:15:00, "...", 0
138, 04/17/2020, 08:16:00, "...", 0
137, 04/17/2020, 08:17:00, "...", 0
136, 04/17/2020, 08:18:00, "...", 0
135, 04/17/2020, 08:19:00, "...", 0
134, 04/17/2020, 08:20:00, "...", 0
133, 04/17/2020, 08:21:00, "...", 0
132, 04/17/2020, 08:22:00, "...", 0
131, 04/17/2020, 08:23:00, "...", 0
130, 04/17/2020, 08:24:00, "(2)", 0
129, 04/17/2020, 08:25:00, "(2;3)", 0
128, 04/17/2020, 08:26:00, "...", 0
127, 04/17/2020, 08:27:00, "...", 0
126, 04/17/2020, 08:28:00, "...", 0
125, 04/17/2020, 08:29:00, "...", 0
124, 04/17/2020, 08:30:00, "...", 0
123, 04/17/2020, 08:31:00, "...", 0
122, 04/17/2020, 08:32:00, "...", 0
121, 04/17/2020, 08:33:00, "...", 0
120, 04/17/2020, 08:34:00, "...", 0
119, 04/17/2020, 08:35:00, "...", 0
118, 04/17/2020, 08:36:00, "...", 0
117, 04/17/2020, 08:37:00, "...", 0
116, 04/17/2020, 08:38:00, "...", 0
115, 04/17/2020, 08:39:00, "...", 0
114, 04/17/2020, 08:40:00, "...", 0
113, 04/17/2020, 08:41:00, "...", 0
112, 04/17/2020, 08:42:00, "...", 0
111, 04/17/2020, 08:43:00, "...", 0
110, 04/17/2020, 08:44:00, "...", 0
109, 04/17/2020, 08:45:00, "...", 0
108, 04/17/2020, 08:46:00, "(2;3)", 0
107, 04/17/2020, 08:47:00, "...", 0
106, 04/17/2020, 08:48:00, "...", 0
105, 04/17/2020, 08:49:00, "...", 0
104, 04/17/2020, 08:50:00, "...", 0
103, 04/17/2020, 08:51:00, "...", 0
102, 04/17/2020, 08:52:00, "...", 0
101, 04/17/2020, 08:53:00, "...", 0
100, 04/17/2020, 08:54:00, "...", 0
99, 04/17/2020, 08:55:00, "...", 0
98, 04/17/2020, 08:56:00, "(2;3)", 0
97, 04/17/2020, 08:57:00, "...", 0
96, 04/17/2020, 08:58:00, "...", 0
95, 04/17/2020, 08:59:00, "...", 0
94, 04/17/2020, 09:00:00, "...", 0
93, 04/17/2020, 09:01:00, "...", 0
92, 04/17/2020, 09:02:00, "...", 0
91, 04/17/2020, 09:03:00, "...", 0
90, 04/17/2020, 09:04:00, "...", 0
89, 04/17/2020, 09:05:00, "...", 0
88, 04/17/2020, 09:06:00, "...", 0
87, 04/17/2020, 09:07:00, "...", 0
86, 04/17/2020, 09:08:00, "...", 0
85, 04/17/2020, 09:09:00, "...", 0
84, 04/17/2020, 09:10:00, "...", 0
83, 04/17/2020, 09:11:00, "...", 0
82, 04/17/2020, 09:12:00, "...", 0
81, 04/17/2020, 09:13:00, "...", 0
80, 04/17/2020, 09:14:00, "...", 0
79, 04/17/2020, 09:15:00, "...", 0
78, 04/17/2020, 09:16:00, "...", 0
77, 04/17/2020, 09:17:00, "...", 0
76, 04/17/2020, 09:18:00, "...", 0
75, 04/17/2020, 09:19:00, "...", 0
74, 04/17/2020, 09:20:00, "...", 0
73, 04/17/2020, 09:21:00, "...", 0
72, 04/17/2020, 09:22:00, "...", 0
71, 04/17/2020, 09:23:00, "...", 0
70, 04/17/2020, 09:24:00, "...", 0
69, 04/17/2020, 09:25:00, "...", 0
68, 04/17/2020, 09:26:00, "...", 0
67, 04/17/2020, 09:27:00, "...", 0
66, 04/17/2020, 09:28:00, "...", 0
65, 04/17/2020, 09:29:00, "...", 0
64, 04/17/2020, 09:30:00, "...", 0
63, 04/17/2020, 09:31:00, "...", 0
62, 04/17/2020, 09:32:00, "...", 0
61, 04/17/2020, 09:33:00, "...", 0
60, 04/17/2020, 09:34:00, "...", 0
59, 04/17/2020, 09:35:00, "...", 0
58, 04/17/2020, 09:36:00, "...", 0
57, 04/17/2020, 09:37:00, "...", 0
56, 04/17/2020, 09:38:00, "...", 0
55, 04/17/2020, 09:39:00, "...", 0
54, 04/17/2020, 09:40:00, "...", 0
53, 04/17/2020, 09:41:00, "...", 0
52, 04/17/2020, 09:42:00, "...", 0
51, 04/17/2020, 09:43:00, "...", 0
50, 04/17/2020, 09:44:00, "...", 0
49, 04/17/2020, 09:45:00, "...", 0
48, 04/17/2020, 09:46:00, "...", 0
47, 04/17/2020, 09:47:00, "...", 0
46, 04/17/2020, 09:48:00, "...", 0
45, 04/17/2020, 09:49:00, "...", 0
44, 04/17/2020, 09:50:00, "...", 0
43, 04/17/2020, 09:51:00, "...", 0
42, 04/17/2020, 09:52:00, "...", 0
41, 04/17/2020, 09:53:00, "...", 0
40, 04/17/2020, 09:54:00, "...", 0
39, 04/17/2020, 09:55:00, "...", 0
38, 04/17/2020, 09:56:00, "...", 0
37, 04/17/2020, 09:57:00, "...", 0
36, 04/17/2020, 09:58:00, "...", 0
35, 04/17/2020, 09:59:00, "...", 0
34, 04/17/2020, 10:00:00, "...", 0
33, 04/17/2020, 10:01:00, "...", 0
32, 04/17/2020, 10:02:00, "...", 0
31, 04/17/2020, 10:03:00, "...", 0
30, 04/17/2020, 10:04:00, "...", 0
29, 04/17/2020, 10:05:00, "...", 0
28, 04/17/2020, 10:06:00, "...", 0
27, 04/17/2020, 10:07:00, "...", 0
26, 04/17/2020, 10:08:00, "...", 0
25, 04/17/2020, 10:09:00, "...", 0
24, 04/17/2020, 10:10:00, "...", 0
23, 04/17/2020, 10:11:00, "...", 0
22, 04/17/2020, 10:12:00, "...", 0
21, 04/17/2020, 10:13:00, "...", 0
20, 04/17/2020, 10:14:00, "...", 0
19, 04/17/2020, 10:15:00, "...", 0
18, 04/17/2020, 10:16:00, "...", 0
17, 04/17/2020, 10:17:00, "...", 0
16, 04/17/2020, 10:18:00, "...", 0
15, 04/17/2020, 10:19:00, "...", 0
14, 04/17/2020, 10:20:00, "...", 0
13, 04/17/2020, 10:21:00, "...", 0
12, 04/17/2020, 10:22:00, "...", 0
11, 04/17/2020, 10:23:00, "...", 0
10, 04/17/2020, 10:24:00, "...", 0
9, 04/17/2020, 10:25:00, "...", 0
8, 04/17/2020, 10:26:00, "...", 0
7, 04/17/2020, 10:27:00, "...", 0
6, 04/17/2020, 10:28:00, "...", 0
5, 04/17/2020, 10:29:00, "...", 0
4, 04/17/2020, 10:30:00, "...", 0
3, 04/17/2020, 10:31:00, "...", 0
2, 04/17/2020, 10:32:00, "...", 0
1, 04/17/2020, 10:33:00, "(2)", 0
